--------------------------------------------------------
-- Archivo creado  - jueves-noviembre-24-2022   
--------------------------------------------------------
--------------------------------------------------------
--  DDL for Sequence DEPARTAMENTO_SEQ1
--------------------------------------------------------

   CREATE SEQUENCE  "TURISMO_REAL"."DEPARTAMENTO_SEQ1"  MINVALUE 1 MAXVALUE 9999999999999999999999999999 INCREMENT BY 1 START WITH 41 CACHE 20 NOORDER  NOCYCLE  NOKEEP  NOSCALE  GLOBAL ;
--------------------------------------------------------
--  DDL for Sequence EMPLEADO_SEQ1
--------------------------------------------------------

   CREATE SEQUENCE  "TURISMO_REAL"."EMPLEADO_SEQ1"  MINVALUE 1 MAXVALUE 9999999999999999999999999999 INCREMENT BY 1 START WITH 41 CACHE 20 NOORDER  NOCYCLE  NOKEEP  NOSCALE  GLOBAL ;
--------------------------------------------------------
--  DDL for Sequence HUESPED_SEQ1
--------------------------------------------------------

   CREATE SEQUENCE  "TURISMO_REAL"."HUESPED_SEQ1"  MINVALUE 1 MAXVALUE 9999999999999999999999999999 INCREMENT BY 1 START WITH 21 CACHE 20 NOORDER  NOCYCLE  NOKEEP  NOSCALE  GLOBAL ;
--------------------------------------------------------
--  DDL for Sequence MOVIMIENTO_CAJA_SEQ1
--------------------------------------------------------

   CREATE SEQUENCE  "TURISMO_REAL"."MOVIMIENTO_CAJA_SEQ1"  MINVALUE 1 MAXVALUE 9999999999999999999999999999 INCREMENT BY 1 START WITH 1 CACHE 20 NOORDER  NOCYCLE  NOKEEP  NOSCALE  GLOBAL ;
--------------------------------------------------------
--  DDL for Sequence PASO_RESERVA_SEQ
--------------------------------------------------------

   CREATE SEQUENCE  "TURISMO_REAL"."PASO_RESERVA_SEQ"  MINVALUE 1 MAXVALUE 9999999999999999999999999999 INCREMENT BY 1 START WITH 21 CACHE 20 NOORDER  NOCYCLE  NOKEEP  NOSCALE  GLOBAL ;
--------------------------------------------------------
--  DDL for Sequence RESERVA_SEQ1
--------------------------------------------------------

   CREATE SEQUENCE  "TURISMO_REAL"."RESERVA_SEQ1"  MINVALUE 1 MAXVALUE 9999999999999999999999999999 INCREMENT BY 1 START WITH 41 CACHE 20 NOORDER  NOCYCLE  NOKEEP  NOSCALE  GLOBAL ;
--------------------------------------------------------
--  DDL for Sequence RESERVA_SEQ2
--------------------------------------------------------

   CREATE SEQUENCE  "TURISMO_REAL"."RESERVA_SEQ2"  MINVALUE 1 MAXVALUE 9999999999999999999999999999 INCREMENT BY 1 START WITH 21 CACHE 20 NOORDER  NOCYCLE  NOKEEP  NOSCALE  GLOBAL ;
--------------------------------------------------------
--  DDL for Sequence RESERVA_SEQ3
--------------------------------------------------------

   CREATE SEQUENCE  "TURISMO_REAL"."RESERVA_SEQ3"  MINVALUE 1 MAXVALUE 9999999999999999999999999999 INCREMENT BY 1 START WITH 21 CACHE 20 NOORDER  NOCYCLE  NOKEEP  NOSCALE  GLOBAL ;
--------------------------------------------------------
--  DDL for Sequence RESERVA_SEQ4
--------------------------------------------------------

   CREATE SEQUENCE  "TURISMO_REAL"."RESERVA_SEQ4"  MINVALUE 1 MAXVALUE 9999999999999999999999999999 INCREMENT BY 1 START WITH 41 CACHE 20 NOORDER  NOCYCLE  NOKEEP  NOSCALE  GLOBAL ;
--------------------------------------------------------
--  DDL for Sequence SERVICIO_RESERVA_SEQ1
--------------------------------------------------------

   CREATE SEQUENCE  "TURISMO_REAL"."SERVICIO_RESERVA_SEQ1"  MINVALUE 1 MAXVALUE 9999999999999999999999999999 INCREMENT BY 1 START WITH 1 CACHE 20 NOORDER  NOCYCLE  NOKEEP  NOSCALE  GLOBAL ;
--------------------------------------------------------
--  DDL for Sequence SERVICIO_RESERVA_SEQ2
--------------------------------------------------------

   CREATE SEQUENCE  "TURISMO_REAL"."SERVICIO_RESERVA_SEQ2"  MINVALUE 1 MAXVALUE 9999999999999999999999999999 INCREMENT BY 1 START WITH 1 CACHE 20 NOORDER  NOCYCLE  NOKEEP  NOSCALE  GLOBAL ;
--------------------------------------------------------
--  DDL for Sequence SERVICIO_RESERVA_SEQ3
--------------------------------------------------------

   CREATE SEQUENCE  "TURISMO_REAL"."SERVICIO_RESERVA_SEQ3"  MINVALUE 1 MAXVALUE 9999999999999999999999999999 INCREMENT BY 1 START WITH 1 CACHE 20 NOORDER  NOCYCLE  NOKEEP  NOSCALE  GLOBAL ;
--------------------------------------------------------
--  DDL for Sequence SERVICIO_RESERVA_SEQ4
--------------------------------------------------------

   CREATE SEQUENCE  "TURISMO_REAL"."SERVICIO_RESERVA_SEQ4"  MINVALUE 1 MAXVALUE 9999999999999999999999999999 INCREMENT BY 1 START WITH 1 CACHE 20 NOORDER  NOCYCLE  NOKEEP  NOSCALE  GLOBAL ;
--------------------------------------------------------
--  DDL for Sequence SERVICIO_RESERVA_SEQ5
--------------------------------------------------------

   CREATE SEQUENCE  "TURISMO_REAL"."SERVICIO_RESERVA_SEQ5"  MINVALUE 1 MAXVALUE 9999999999999999999999999999 INCREMENT BY 1 START WITH 21 CACHE 20 NOORDER  NOCYCLE  NOKEEP  NOSCALE  GLOBAL ;
--------------------------------------------------------
--  DDL for Sequence SERVICIO_RESERVA_SEQ6
--------------------------------------------------------

   CREATE SEQUENCE  "TURISMO_REAL"."SERVICIO_RESERVA_SEQ6"  MINVALUE 1 MAXVALUE 9999999999999999999999999999 INCREMENT BY 1 START WITH 21 CACHE 20 NOORDER  NOCYCLE  NOKEEP  NOSCALE  GLOBAL ;
--------------------------------------------------------
--  DDL for Sequence SERVICIO_SEQ1
--------------------------------------------------------

   CREATE SEQUENCE  "TURISMO_REAL"."SERVICIO_SEQ1"  MINVALUE 1 MAXVALUE 9999999999999999999999999999 INCREMENT BY 1 START WITH 1 CACHE 20 NOORDER  NOCYCLE  NOKEEP  NOSCALE  GLOBAL ;
--------------------------------------------------------
--  DDL for Sequence SERVICIO_SEQ2
--------------------------------------------------------

   CREATE SEQUENCE  "TURISMO_REAL"."SERVICIO_SEQ2"  MINVALUE 1 MAXVALUE 9999999999999999999999999999 INCREMENT BY 1 START WITH 21 CACHE 20 NOORDER  NOCYCLE  NOKEEP  NOSCALE  GLOBAL ;
--------------------------------------------------------
--  DDL for Sequence SERVICIO_SEQ3
--------------------------------------------------------

   CREATE SEQUENCE  "TURISMO_REAL"."SERVICIO_SEQ3"  MINVALUE 1 MAXVALUE 9999999999999999999999999999 INCREMENT BY 1 START WITH 21 CACHE 20 NOORDER  NOCYCLE  NOKEEP  NOSCALE  GLOBAL ;
--------------------------------------------------------
--  DDL for Sequence SERVICIO_SEQ4
--------------------------------------------------------

   CREATE SEQUENCE  "TURISMO_REAL"."SERVICIO_SEQ4"  MINVALUE 1 MAXVALUE 9999999999999999999999999999 INCREMENT BY 1 START WITH 21 CACHE 20 NOORDER  NOCYCLE  NOKEEP  NOSCALE  GLOBAL ;
--------------------------------------------------------
--  DDL for Sequence TIPO_SERVICIO_SEQ1
--------------------------------------------------------

   CREATE SEQUENCE  "TURISMO_REAL"."TIPO_SERVICIO_SEQ1"  MINVALUE 1 MAXVALUE 9999999999999999999999999999 INCREMENT BY 1 START WITH 41 CACHE 20 NOORDER  NOCYCLE  NOKEEP  NOSCALE  GLOBAL ;
--------------------------------------------------------
--  DDL for Sequence TRANSPORTISTA_SEQ1
--------------------------------------------------------

   CREATE SEQUENCE  "TURISMO_REAL"."TRANSPORTISTA_SEQ1"  MINVALUE 1 MAXVALUE 9999999999999999999999999999 INCREMENT BY 1 START WITH 41 CACHE 20 NOORDER  NOCYCLE  NOKEEP  NOSCALE  GLOBAL ;
--------------------------------------------------------
--  DDL for Sequence USUARIO_SEQ
--------------------------------------------------------

   CREATE SEQUENCE  "TURISMO_REAL"."USUARIO_SEQ"  MINVALUE 1 MAXVALUE 9999999999999999999999999999 INCREMENT BY 1 START WITH 21 CACHE 20 NOORDER  NOCYCLE  NOKEEP  NOSCALE  GLOBAL ;
--------------------------------------------------------
--  DDL for Sequence USUARIO_SEQ1
--------------------------------------------------------

   CREATE SEQUENCE  "TURISMO_REAL"."USUARIO_SEQ1"  MINVALUE 1 MAXVALUE 9999999999999999999999999999 INCREMENT BY 1 START WITH 21 CACHE 20 NOORDER  NOCYCLE  NOKEEP  NOSCALE  GLOBAL ;
--------------------------------------------------------
--  DDL for Sequence USUARIO_SEQ3
--------------------------------------------------------

   CREATE SEQUENCE  "TURISMO_REAL"."USUARIO_SEQ3"  MINVALUE 1 MAXVALUE 9999999999999999999999999999 INCREMENT BY 1 START WITH 81 CACHE 20 NOORDER  NOCYCLE  NOKEEP  NOSCALE  GLOBAL ;
--------------------------------------------------------
--  DDL for Sequence USUARIO_SEQ4
--------------------------------------------------------

   CREATE SEQUENCE  "TURISMO_REAL"."USUARIO_SEQ4"  MINVALUE 1 MAXVALUE 9999999999999999999999999999 INCREMENT BY 1 START WITH 81 CACHE 20 NOORDER  NOCYCLE  NOKEEP  NOSCALE  GLOBAL ;
--------------------------------------------------------
--  DDL for Sequence USUARIOS_NEW_SEQ
--------------------------------------------------------

   CREATE SEQUENCE  "TURISMO_REAL"."USUARIOS_NEW_SEQ"  MINVALUE 1 MAXVALUE 9999999999999999999999999999 INCREMENT BY 1 START WITH 21 CACHE 20 NOORDER  NOCYCLE  NOKEEP  NOSCALE  GLOBAL ;
--------------------------------------------------------
--  DDL for Table ACCESORIO
--------------------------------------------------------

  CREATE TABLE "TURISMO_REAL"."ACCESORIO" 
   (	"ID_ACCESORIO" NUMBER(*,0) GENERATED BY DEFAULT AS IDENTITY MINVALUE 1 MAXVALUE 9999999999999999999999999999 INCREMENT BY 1 START WITH 1 CACHE 20 NOORDER  NOCYCLE  NOKEEP  NOSCALE , 
	"ACCESORIO" VARCHAR2(50 BYTE), 
	"ESTADO" CHAR(1 BYTE) DEFAULT 'Y', 
	"CREATED_AT" TIMESTAMP (6), 
	"UPDATED_AT" TIMESTAMP (6), 
	"DELETED_AT" TIMESTAMP (6), 
	"DELETED" CHAR(1 BYTE) DEFAULT 'N'
   ) SEGMENT CREATION IMMEDIATE 
  PCTFREE 10 PCTUSED 40 INITRANS 1 MAXTRANS 255 
 NOCOMPRESS LOGGING
  STORAGE(INITIAL 65536 NEXT 1048576 MINEXTENTS 1 MAXEXTENTS 2147483645
  PCTINCREASE 0 FREELISTS 1 FREELIST GROUPS 1
  BUFFER_POOL DEFAULT FLASH_CACHE DEFAULT CELL_FLASH_CACHE DEFAULT)
  TABLESPACE "USERS" ;
--------------------------------------------------------
--  DDL for Table CARGO
--------------------------------------------------------

  CREATE TABLE "TURISMO_REAL"."CARGO" 
   (	"ID_CARGO" NUMBER(*,0) GENERATED BY DEFAULT AS IDENTITY MINVALUE 1 MAXVALUE 9999999999999999999999999999 INCREMENT BY 1 START WITH 1 CACHE 20 NOORDER  NOCYCLE  NOKEEP  NOSCALE , 
	"CARGO" VARCHAR2(100 BYTE), 
	"CREATED_AT" TIMESTAMP (6), 
	"ESTADO" CHAR(1 BYTE) DEFAULT 'Y', 
	"DELETED_AT" TIMESTAMP (6), 
	"DELETED" CHAR(1 BYTE) DEFAULT 'N', 
	"UPDATED_AT" TIMESTAMP (6)
   ) SEGMENT CREATION IMMEDIATE 
  PCTFREE 10 PCTUSED 40 INITRANS 1 MAXTRANS 255 
 NOCOMPRESS LOGGING
  STORAGE(INITIAL 65536 NEXT 1048576 MINEXTENTS 1 MAXEXTENTS 2147483645
  PCTINCREASE 0 FREELISTS 1 FREELIST GROUPS 1
  BUFFER_POOL DEFAULT FLASH_CACHE DEFAULT CELL_FLASH_CACHE DEFAULT)
  TABLESPACE "USERS" ;
--------------------------------------------------------
--  DDL for Table CHECK_IN
--------------------------------------------------------

  CREATE TABLE "TURISMO_REAL"."CHECK_IN" 
   (	"ID_CHECK_IN" NUMBER(*,0) GENERATED BY DEFAULT AS IDENTITY MINVALUE 1 MAXVALUE 9999999999999999999999999999 INCREMENT BY 1 START WITH 1 CACHE 20 NOORDER  NOCYCLE  NOKEEP  NOSCALE , 
	"FECHA_CHECKIN" TIMESTAMP (6), 
	"ESTADO" CHAR(1 BYTE) DEFAULT 'Y', 
	"CREATED_AT" TIMESTAMP (6), 
	"UPDATED_AT" TIMESTAMP (6), 
	"ID_EMPLEADO" NUMBER(*,0), 
	"CONDICIONES" CLOB, 
	"FLG_PAGO_ESTADIA" CHAR(1 BYTE) DEFAULT 'N'
   ) SEGMENT CREATION DEFERRED 
  PCTFREE 10 PCTUSED 40 INITRANS 1 MAXTRANS 255 
 NOCOMPRESS LOGGING
  TABLESPACE "USERS" 
 LOB ("CONDICIONES") STORE AS SECUREFILE (
  TABLESPACE "USERS" ENABLE STORAGE IN ROW 4000 CHUNK 8192
  NOCACHE LOGGING  NOCOMPRESS  KEEP_DUPLICATES ) ;
--------------------------------------------------------
--  DDL for Table CHECK_OUT
--------------------------------------------------------

  CREATE TABLE "TURISMO_REAL"."CHECK_OUT" 
   (	"ID_CHECK_OUT" NUMBER(*,0) GENERATED BY DEFAULT AS IDENTITY MINVALUE 1 MAXVALUE 9999999999999999999999999999 INCREMENT BY 1 START WITH 1 CACHE 20 NOORDER  NOCYCLE  NOKEEP  NOSCALE , 
	"FECHA_CHECKOUT" TIMESTAMP (6), 
	"ESTADO" CHAR(1 BYTE) DEFAULT 'Y', 
	"CREATED_AT" TIMESTAMP (6), 
	"UPDATED_AT" TIMESTAMP (6), 
	"ID_EMPLEADO" NUMBER(*,0), 
	"FLG_CUMPLE_ESTADO" CHAR(1 BYTE) DEFAULT 'N', 
	"OBSERVACION_ESTADO" CLOB, 
	"FLG_POSEE_MULTA" CHAR(1 BYTE) DEFAULT 'N', 
	"OBSERVACION_MULTA" CLOB, 
	"TOTAL_MULTA" NUMBER(*,0), 
	"FLG_PROBLEMA_ADICIONAL" CHAR(1 BYTE) DEFAULT 'N', 
	"OBSERVACION_ADICIONAL" CLOB, 
	"TOTAL_ADICIONAL" NUMBER(*,0)
   ) SEGMENT CREATION DEFERRED 
  PCTFREE 10 PCTUSED 40 INITRANS 1 MAXTRANS 255 
 NOCOMPRESS LOGGING
  TABLESPACE "USERS" 
 LOB ("OBSERVACION_ESTADO") STORE AS SECUREFILE (
  TABLESPACE "USERS" ENABLE STORAGE IN ROW 4000 CHUNK 8192
  NOCACHE LOGGING  NOCOMPRESS  KEEP_DUPLICATES ) 
 LOB ("OBSERVACION_MULTA") STORE AS SECUREFILE (
  TABLESPACE "USERS" ENABLE STORAGE IN ROW 4000 CHUNK 8192
  NOCACHE LOGGING  NOCOMPRESS  KEEP_DUPLICATES ) 
 LOB ("OBSERVACION_ADICIONAL") STORE AS SECUREFILE (
  TABLESPACE "USERS" ENABLE STORAGE IN ROW 4000 CHUNK 8192
  NOCACHE LOGGING  NOCOMPRESS  KEEP_DUPLICATES ) ;
--------------------------------------------------------
--  DDL for Table CLIENTE
--------------------------------------------------------

  CREATE TABLE "TURISMO_REAL"."CLIENTE" 
   (	"ID_CLIENTE" NUMBER(*,0) GENERATED BY DEFAULT AS IDENTITY MINVALUE 1 MAXVALUE 9999999999999999999999999999 INCREMENT BY 1 START WITH 1 CACHE 20 NOORDER  NOCYCLE  NOKEEP  NOSCALE , 
	"ESTADO" CHAR(1 BYTE) DEFAULT 'Y', 
	"DNI" VARCHAR2(20 BYTE), 
	"NOMBRE" VARCHAR2(100 BYTE), 
	"APELLIDO" VARCHAR2(100 BYTE), 
	"FECHA_NACIMIENTO" DATE, 
	"EMAIL" VARCHAR2(100 BYTE), 
	"CELULAR" VARCHAR2(20 BYTE), 
	"UPDATED_AT" TIMESTAMP (6), 
	"CREATED_AT" TIMESTAMP (6), 
	"DELETED_AT" TIMESTAMP (6), 
	"DELETED" CHAR(1 BYTE) DEFAULT 'N', 
	"ID_USUARIO" NUMBER(*,0), 
	"ID_COMUNA" NUMBER(*,0), 
	"DIRECCION" VARCHAR2(255 BYTE)
   ) SEGMENT CREATION IMMEDIATE 
  PCTFREE 10 PCTUSED 40 INITRANS 1 MAXTRANS 255 
 NOCOMPRESS LOGGING
  STORAGE(INITIAL 65536 NEXT 1048576 MINEXTENTS 1 MAXEXTENTS 2147483645
  PCTINCREASE 0 FREELISTS 1 FREELIST GROUPS 1
  BUFFER_POOL DEFAULT FLASH_CACHE DEFAULT CELL_FLASH_CACHE DEFAULT)
  TABLESPACE "USERS" ;
--------------------------------------------------------
--  DDL for Table COMUNA
--------------------------------------------------------

  CREATE TABLE "TURISMO_REAL"."COMUNA" 
   (	"ID_COMUNA" NUMBER(*,0) GENERATED BY DEFAULT AS IDENTITY MINVALUE 1 MAXVALUE 9999999999999999999999999999 INCREMENT BY 1 START WITH 1 CACHE 20 NOORDER  NOCYCLE  NOKEEP  NOSCALE , 
	"CODIGO_COMUNA" VARCHAR2(10 BYTE), 
	"COMUNA" VARCHAR2(255 BYTE), 
	"REGION_ID_REGION" NUMBER(*,0)
   ) SEGMENT CREATION IMMEDIATE 
  PCTFREE 10 PCTUSED 40 INITRANS 1 MAXTRANS 255 
 NOCOMPRESS LOGGING
  STORAGE(INITIAL 65536 NEXT 1048576 MINEXTENTS 1 MAXEXTENTS 2147483645
  PCTINCREASE 0 FREELISTS 1 FREELIST GROUPS 1
  BUFFER_POOL DEFAULT FLASH_CACHE DEFAULT CELL_FLASH_CACHE DEFAULT)
  TABLESPACE "USERS" ;
--------------------------------------------------------
--  DDL for Table DEPARTAMENTO
--------------------------------------------------------

  CREATE TABLE "TURISMO_REAL"."DEPARTAMENTO" 
   (	"ID_DEPARTAMENTO" NUMBER(*,0) GENERATED BY DEFAULT AS IDENTITY MINVALUE 1 MAXVALUE 9999999999999999999999999999 INCREMENT BY 1 START WITH 1 CACHE 20 NOORDER  NOCYCLE  NOKEEP  NOSCALE , 
	"PRECIO_COSTO" NUMBER(*,0), 
	"VALOR_ARRIENDO" NUMBER(*,0), 
	"DEPARTAMENTO" VARCHAR2(255 BYTE), 
	"ID_ESTADO_DEPARTAMENTO" NUMBER(*,0), 
	"ID_EMPLEADO" NUMBER(*,0), 
	"CREATED_AT" TIMESTAMP (6), 
	"UPDATED_AT" TIMESTAMP (6), 
	"DELETED_AT" TIMESTAMP (6), 
	"DELETED" CHAR(1 BYTE) DEFAULT 'N', 
	"CANTIDAD_RESERVAS" NUMBER(*,0), 
	"FLG_NUEVO" CHAR(1 BYTE) DEFAULT 'N', 
	"FLG_DESTACADO" CHAR(1 BYTE) DEFAULT 'N', 
	"ID_SUCURSAL" NUMBER(*,0), 
	"CANTIDAD_HUESPEDES" NUMBER(*,0), 
	"URL_DEPARTAMENTO" VARCHAR2(255 BYTE), 
	"DESCRIPCION_CORTA" VARCHAR2(255 BYTE), 
	"DESCRIPCION_GENERAL" LONG
   ) SEGMENT CREATION IMMEDIATE 
  PCTFREE 10 PCTUSED 40 INITRANS 1 MAXTRANS 255 
 NOCOMPRESS LOGGING
  STORAGE(INITIAL 65536 NEXT 1048576 MINEXTENTS 1 MAXEXTENTS 2147483645
  PCTINCREASE 0 FREELISTS 1 FREELIST GROUPS 1
  BUFFER_POOL DEFAULT FLASH_CACHE DEFAULT CELL_FLASH_CACHE DEFAULT)
  TABLESPACE "USERS" ;
--------------------------------------------------------
--  DDL for Table DEPARTAMENTO_ACCESORIO
--------------------------------------------------------

  CREATE TABLE "TURISMO_REAL"."DEPARTAMENTO_ACCESORIO" 
   (	"ID" NUMBER(*,0) GENERATED BY DEFAULT AS IDENTITY MINVALUE 1 MAXVALUE 9999999999999999999999999999 INCREMENT BY 1 START WITH 1 CACHE 20 NOORDER  NOCYCLE  NOKEEP  NOSCALE , 
	"ID_ACCESORIO" NUMBER(*,0), 
	"ID_DEPARTAMENTO" NUMBER(*,0), 
	"CREATED_AT" TIMESTAMP (6)
   ) SEGMENT CREATION DEFERRED 
  PCTFREE 10 PCTUSED 40 INITRANS 1 MAXTRANS 255 
 NOCOMPRESS LOGGING
  TABLESPACE "USERS" ;
--------------------------------------------------------
--  DDL for Table EMPLEADO
--------------------------------------------------------

  CREATE TABLE "TURISMO_REAL"."EMPLEADO" 
   (	"ID_EMPLEADO" NUMBER(*,0) GENERATED BY DEFAULT AS IDENTITY MINVALUE 1 MAXVALUE 9999999999999999999999999999 INCREMENT BY 1 START WITH 1 CACHE 20 NOORDER  NOCYCLE  NOKEEP  NOSCALE , 
	"DNI" VARCHAR2(20 BYTE), 
	"NOMBRE" VARCHAR2(100 BYTE), 
	"APELLIDO" VARCHAR2(100 BYTE), 
	"FECHA_NACIMIENTO" DATE, 
	"EMAIL" VARCHAR2(100 BYTE), 
	"ID_CARGO" NUMBER(*,0), 
	"ID_USUARIO" NUMBER(*,0), 
	"ESTADO" CHAR(1 BYTE) DEFAULT 'Y', 
	"UPDATED_AT" TIMESTAMP (6), 
	"CREATED_AT" TIMESTAMP (6), 
	"DELETED_AT" TIMESTAMP (6), 
	"DELETED" CHAR(1 BYTE) DEFAULT 'N', 
	"CELULAR" VARCHAR2(20 BYTE)
   ) SEGMENT CREATION IMMEDIATE 
  PCTFREE 10 PCTUSED 40 INITRANS 1 MAXTRANS 255 
 NOCOMPRESS LOGGING
  STORAGE(INITIAL 65536 NEXT 1048576 MINEXTENTS 1 MAXEXTENTS 2147483645
  PCTINCREASE 0 FREELISTS 1 FREELIST GROUPS 1
  BUFFER_POOL DEFAULT FLASH_CACHE DEFAULT CELL_FLASH_CACHE DEFAULT)
  TABLESPACE "USERS" ;
--------------------------------------------------------
--  DDL for Table EMPLEADO_SUCURSAL
--------------------------------------------------------

  CREATE TABLE "TURISMO_REAL"."EMPLEADO_SUCURSAL" 
   (	"ID" NUMBER(*,0) GENERATED BY DEFAULT AS IDENTITY MINVALUE 1 MAXVALUE 9999999999999999999999999999 INCREMENT BY 1 START WITH 1 CACHE 20 NOORDER  NOCYCLE  NOKEEP  NOSCALE , 
	"ID_SUCURSAL" NUMBER(*,0), 
	"ID_EMPLEADO" NUMBER(*,0), 
	"CREATED_AT" TIMESTAMP (6), 
	"UPDATED_AT" TIMESTAMP (6)
   ) SEGMENT CREATION IMMEDIATE 
  PCTFREE 10 PCTUSED 40 INITRANS 1 MAXTRANS 255 
 NOCOMPRESS LOGGING
  STORAGE(INITIAL 65536 NEXT 1048576 MINEXTENTS 1 MAXEXTENTS 2147483645
  PCTINCREASE 0 FREELISTS 1 FREELIST GROUPS 1
  BUFFER_POOL DEFAULT FLASH_CACHE DEFAULT CELL_FLASH_CACHE DEFAULT)
  TABLESPACE "USERS" ;
--------------------------------------------------------
--  DDL for Table ESTADO_DEPARTAMENTO
--------------------------------------------------------

  CREATE TABLE "TURISMO_REAL"."ESTADO_DEPARTAMENTO" 
   (	"ID_ESTADO_DEPARTAMENTO" NUMBER(*,0) GENERATED BY DEFAULT AS IDENTITY MINVALUE 1 MAXVALUE 9999999999999999999999999999 INCREMENT BY 1 START WITH 1 CACHE 20 NOORDER  NOCYCLE  NOKEEP  NOSCALE , 
	"ESTADO_DEPARTAMENTO" VARCHAR2(255 BYTE), 
	"DESCRIPCION" VARCHAR2(255 BYTE), 
	"CREATED_AT" TIMESTAMP (6), 
	"PERMITE_RESERVAR" CHAR(1 BYTE) DEFAULT 'N', 
	"BADGE" VARCHAR2(30 BYTE), 
	"MOSTRAR_WEB" CHAR(1 BYTE) DEFAULT 'N'
   ) SEGMENT CREATION IMMEDIATE 
  PCTFREE 10 PCTUSED 40 INITRANS 1 MAXTRANS 255 
 NOCOMPRESS LOGGING
  STORAGE(INITIAL 65536 NEXT 1048576 MINEXTENTS 1 MAXEXTENTS 2147483645
  PCTINCREASE 0 FREELISTS 1 FREELIST GROUPS 1
  BUFFER_POOL DEFAULT FLASH_CACHE DEFAULT CELL_FLASH_CACHE DEFAULT)
  TABLESPACE "USERS" ;
--------------------------------------------------------
--  DDL for Table ESTADO_RESERVA
--------------------------------------------------------

  CREATE TABLE "TURISMO_REAL"."ESTADO_RESERVA" 
   (	"ID_ESTADO_RESERVA" NUMBER(*,0) GENERATED BY DEFAULT AS IDENTITY MINVALUE 1 MAXVALUE 9999999999999999999999999999 INCREMENT BY 1 START WITH 1 CACHE 20 NOORDER  NOCYCLE  NOKEEP  NOSCALE , 
	"ESTADO_RESERVA" VARCHAR2(50 BYTE), 
	"DESCRIPCION" VARCHAR2(255 BYTE), 
	"CREATED_AT" TIMESTAMP (6)
   ) SEGMENT CREATION IMMEDIATE 
  PCTFREE 10 PCTUSED 40 INITRANS 1 MAXTRANS 255 
 NOCOMPRESS LOGGING
  STORAGE(INITIAL 65536 NEXT 1048576 MINEXTENTS 1 MAXEXTENTS 2147483645
  PCTINCREASE 0 FREELISTS 1 FREELIST GROUPS 1
  BUFFER_POOL DEFAULT FLASH_CACHE DEFAULT CELL_FLASH_CACHE DEFAULT)
  TABLESPACE "USERS" ;
--------------------------------------------------------
--  DDL for Table HUESPED
--------------------------------------------------------

  CREATE TABLE "TURISMO_REAL"."HUESPED" 
   (	"ID_HUESPED" NUMBER(*,0) GENERATED BY DEFAULT AS IDENTITY MINVALUE 1 MAXVALUE 9999999999999999999999999999 INCREMENT BY 1 START WITH 1 CACHE 20 NOORDER  NOCYCLE  NOKEEP  NOSCALE , 
	"DNI" VARCHAR2(20 BYTE), 
	"NOMBRE" VARCHAR2(100 BYTE), 
	"APELLIDO" VARCHAR2(100 BYTE), 
	"FECHA_NACIMIENTO" TIMESTAMP (6), 
	"EMAIL" VARCHAR2(100 BYTE), 
	"CELULAR" NUMBER(*,0), 
	"ESTADO" CHAR(1 BYTE) DEFAULT 'Y', 
	"UPDATED_AT" TIMESTAMP (6), 
	"CREATED_AT" TIMESTAMP (6), 
	"DELETED_AT" TIMESTAMP (6), 
	"DELETED" CHAR(1 BYTE) DEFAULT 'N', 
	"ID_CLIENTE" NUMBER(*,0)
   ) SEGMENT CREATION DEFERRED 
  PCTFREE 10 PCTUSED 40 INITRANS 1 MAXTRANS 255 
 NOCOMPRESS LOGGING
  TABLESPACE "USERS" ;
--------------------------------------------------------
--  DDL for Table HUESPED_RESERVA
--------------------------------------------------------

  CREATE TABLE "TURISMO_REAL"."HUESPED_RESERVA" 
   (	"ID" NUMBER(*,0) GENERATED BY DEFAULT AS IDENTITY MINVALUE 1 MAXVALUE 9999999999999999999999999999 INCREMENT BY 1 START WITH 1 CACHE 20 NOORDER  NOCYCLE  NOKEEP  NOSCALE , 
	"ID_HUESPED" NUMBER(*,0), 
	"ID_RESERVA" NUMBER(*,0), 
	"CREATED_AT" TIMESTAMP (6)
   ) SEGMENT CREATION DEFERRED 
  PCTFREE 10 PCTUSED 40 INITRANS 1 MAXTRANS 255 
 NOCOMPRESS LOGGING
  TABLESPACE "USERS" ;
--------------------------------------------------------
--  DDL for Table MOVIMIENTO_CAJA
--------------------------------------------------------

  CREATE TABLE "TURISMO_REAL"."MOVIMIENTO_CAJA" 
   (	"ID_MOVIMIENTO_CAJA" NUMBER(*,0) GENERATED BY DEFAULT AS IDENTITY MINVALUE 1 MAXVALUE 9999999999999999999999999999 INCREMENT BY 1 START WITH 1 CACHE 20 NOORDER  NOCYCLE  NOKEEP  NOSCALE , 
	"ORIGEN" VARCHAR2(255 BYTE), 
	"TOTAL" NUMBER(*,0), 
	"NRO_RESERVA" NUMBER(*,0), 
	"ID_TIPO_MOVIMIENTO_CAJA" NUMBER(*,0), 
	"CREATED_AT" TIMESTAMP (6), 
	"ID_USUARIO" NUMBER(*,0), 
	"UPDATED_AT" TIMESTAMP (6)
   ) SEGMENT CREATION IMMEDIATE 
  PCTFREE 10 PCTUSED 40 INITRANS 1 MAXTRANS 255 
 NOCOMPRESS LOGGING
  STORAGE(INITIAL 65536 NEXT 1048576 MINEXTENTS 1 MAXEXTENTS 2147483645
  PCTINCREASE 0 FREELISTS 1 FREELIST GROUPS 1
  BUFFER_POOL DEFAULT FLASH_CACHE DEFAULT CELL_FLASH_CACHE DEFAULT)
  TABLESPACE "USERS" ;
--------------------------------------------------------
--  DDL for Table MOVIMIENTO_INVENTARIO
--------------------------------------------------------

  CREATE TABLE "TURISMO_REAL"."MOVIMIENTO_INVENTARIO" 
   (	"ID_MOVIMIENTO_INVENTARIO" NUMBER(*,0) GENERATED BY DEFAULT AS IDENTITY MINVALUE 1 MAXVALUE 9999999999999999999999999999 INCREMENT BY 1 START WITH 1 CACHE 20 NOORDER  NOCYCLE  NOKEEP  NOSCALE , 
	"TOTAL" NUMBER(*,0), 
	"NRO_RESERVA" NUMBER(*,0), 
	"DETALLE" CLOB, 
	"ID_TIPO_MOVIMIENTO" NUMBER(*,0), 
	"CREATED_AT" TIMESTAMP (6), 
	"ESTADO" CHAR(1 BYTE) DEFAULT 'Y', 
	"CANCELADO" CHAR(1 BYTE) DEFAULT 'N', 
	"ID_USUARIO" NUMBER(*,0)
   ) SEGMENT CREATION DEFERRED 
  PCTFREE 10 PCTUSED 40 INITRANS 1 MAXTRANS 255 
 NOCOMPRESS LOGGING
  TABLESPACE "USERS" 
 LOB ("DETALLE") STORE AS SECUREFILE (
  TABLESPACE "USERS" ENABLE STORAGE IN ROW 4000 CHUNK 8192
  NOCACHE LOGGING  NOCOMPRESS  KEEP_DUPLICATES ) ;
--------------------------------------------------------
--  DDL for Table MULTA
--------------------------------------------------------

  CREATE TABLE "TURISMO_REAL"."MULTA" 
   (	"ID_MULTA" NUMBER(*,0) GENERATED BY DEFAULT AS IDENTITY MINVALUE 1 MAXVALUE 9999999999999999999999999999 INCREMENT BY 1 START WITH 1 CACHE 20 NOORDER  NOCYCLE  NOKEEP  NOSCALE , 
	"MULTA" VARCHAR2(255 BYTE), 
	"MONTO" NUMBER(*,0), 
	"ESTADO" CHAR(1 BYTE) DEFAULT 'Y', 
	"CREATED_AT" TIMESTAMP (6), 
	"UPDATED_AT" TIMESTAMP (6), 
	"DELETED" CHAR(1 BYTE) DEFAULT 'N', 
	"DELETED_AT" TIMESTAMP (6), 
	"ID_TIPO_MULTA" NUMBER(*,0)
   ) SEGMENT CREATION IMMEDIATE 
  PCTFREE 10 PCTUSED 40 INITRANS 1 MAXTRANS 255 
 NOCOMPRESS LOGGING
  STORAGE(INITIAL 65536 NEXT 1048576 MINEXTENTS 1 MAXEXTENTS 2147483645
  PCTINCREASE 0 FREELISTS 1 FREELIST GROUPS 1
  BUFFER_POOL DEFAULT FLASH_CACHE DEFAULT CELL_FLASH_CACHE DEFAULT)
  TABLESPACE "USERS" ;
--------------------------------------------------------
--  DDL for Table PASO_RESERVA
--------------------------------------------------------

  CREATE TABLE "TURISMO_REAL"."PASO_RESERVA" 
   (	"ID_PASO_RESERVA" NUMBER(*,0) GENERATED BY DEFAULT AS IDENTITY MINVALUE 1 MAXVALUE 9999999999999999999999999999 INCREMENT BY 1 START WITH 1 CACHE 20 NOORDER  NOCYCLE  NOKEEP  NOSCALE , 
	"PASO_RESERVA" VARCHAR2(50 BYTE), 
	"DESCRIPCION" VARCHAR2(255 BYTE), 
	"CREATED_AT" TIMESTAMP (6)
   ) SEGMENT CREATION IMMEDIATE 
  PCTFREE 10 PCTUSED 40 INITRANS 1 MAXTRANS 255 
 NOCOMPRESS LOGGING
  STORAGE(INITIAL 65536 NEXT 1048576 MINEXTENTS 1 MAXEXTENTS 2147483645
  PCTINCREASE 0 FREELISTS 1 FREELIST GROUPS 1
  BUFFER_POOL DEFAULT FLASH_CACHE DEFAULT CELL_FLASH_CACHE DEFAULT)
  TABLESPACE "USERS" ;
--------------------------------------------------------
--  DDL for Table REGION
--------------------------------------------------------

  CREATE TABLE "TURISMO_REAL"."REGION" 
   (	"ID_REGION" NUMBER(*,0) GENERATED BY DEFAULT AS IDENTITY MINVALUE 1 MAXVALUE 9999999999999999999999999999 INCREMENT BY 1 START WITH 1 CACHE 20 NOORDER  NOCYCLE  NOKEEP  NOSCALE , 
	"NOMBRE" VARCHAR2(255 BYTE), 
	"NOMBRE_LARGO" VARCHAR2(255 BYTE), 
	"CREATED_AT" TIMESTAMP (6)
   ) SEGMENT CREATION IMMEDIATE 
  PCTFREE 10 PCTUSED 40 INITRANS 1 MAXTRANS 255 
 NOCOMPRESS LOGGING
  STORAGE(INITIAL 65536 NEXT 1048576 MINEXTENTS 1 MAXEXTENTS 2147483645
  PCTINCREASE 0 FREELISTS 1 FREELIST GROUPS 1
  BUFFER_POOL DEFAULT FLASH_CACHE DEFAULT CELL_FLASH_CACHE DEFAULT)
  TABLESPACE "USERS" ;
--------------------------------------------------------
--  DDL for Table RESERVA
--------------------------------------------------------

  CREATE TABLE "TURISMO_REAL"."RESERVA" 
   (	"ID_RESERVA" NUMBER(*,0) GENERATED BY DEFAULT AS IDENTITY MINVALUE 1 MAXVALUE 9999999999999999999999999999 INCREMENT BY 1 START WITH 1 CACHE 20 NOORDER  NOCYCLE  NOKEEP  NOSCALE , 
	"INICIO_RESERVA" DATE, 
	"FINAL_RESERVA" DATE, 
	"FECHA_ESTIMADA_CHECKIN" TIMESTAMP (6), 
	"FECHA_ESTIMADA_CHECKOUT" TIMESTAMP (6), 
	"NUMERO_HUESPEDES" NUMBER(*,0), 
	"DESCRIPCION" VARCHAR2(255 BYTE), 
	"ID_DEPARTAMENTO" NUMBER(*,0), 
	"ID_ESTADO_RESERVA" NUMBER(*,0), 
	"ID_CLIENTE" NUMBER(*,0), 
	"ID_CHECK_IN" NUMBER(*,0), 
	"ID_CHECK_OUT" NUMBER(*,0), 
	"TOTAL_RESERVA" NUMBER(*,0), 
	"TOTAL_PAGADO" NUMBER(*,0), 
	"DIFERENCIA_PAGO" NUMBER(*,0), 
	"FLG_CONFIRMACION_RESERVA" CHAR(1 BYTE) DEFAULT 'N', 
	"ID_PASO_RESERVA" NUMBER(*,0), 
	"CREATED_AT" TIMESTAMP (6), 
	"UPDATED_AT" TIMESTAMP (6), 
	"FLG_ASIGNA_HUESPEDES" CHAR(1 BYTE) DEFAULT 'N'
   ) SEGMENT CREATION IMMEDIATE 
  PCTFREE 10 PCTUSED 40 INITRANS 1 MAXTRANS 255 
 NOCOMPRESS LOGGING
  STORAGE(INITIAL 65536 NEXT 1048576 MINEXTENTS 1 MAXEXTENTS 2147483645
  PCTINCREASE 0 FREELISTS 1 FREELIST GROUPS 1
  BUFFER_POOL DEFAULT FLASH_CACHE DEFAULT CELL_FLASH_CACHE DEFAULT)
  TABLESPACE "USERS" ;
--------------------------------------------------------
--  DDL for Table RESTABLECER_USUARIO
--------------------------------------------------------

  CREATE TABLE "TURISMO_REAL"."RESTABLECER_USUARIO" 
   (	"ID" NUMBER(*,0) GENERATED BY DEFAULT AS IDENTITY MINVALUE 1 MAXVALUE 9999999999999999999999999999 INCREMENT BY 1 START WITH 1 CACHE 20 NOORDER  NOCYCLE  NOKEEP  NOSCALE , 
	"EMAIL" VARCHAR2(255 BYTE), 
	"TOKEN" VARCHAR2(255 BYTE), 
	"FECHA_CAMBIO" TIMESTAMP (6), 
	"FECHA_VENCIMIENTO" TIMESTAMP (6), 
	"ESTADO" CHAR(1 BYTE) DEFAULT 'Y', 
	"ID_USUARIO" NUMBER(*,0)
   ) SEGMENT CREATION DEFERRED 
  PCTFREE 10 PCTUSED 40 INITRANS 1 MAXTRANS 255 
 NOCOMPRESS LOGGING
  TABLESPACE "USERS" ;
--------------------------------------------------------
--  DDL for Table ROL
--------------------------------------------------------

  CREATE TABLE "TURISMO_REAL"."ROL" 
   (	"ID_ROL" NUMBER(*,0) GENERATED BY DEFAULT AS IDENTITY MINVALUE 1 MAXVALUE 9999999999999999999999999999 INCREMENT BY 1 START WITH 1 CACHE 20 NOORDER  NOCYCLE  NOKEEP  NOSCALE , 
	"ESTADO" CHAR(1 BYTE) DEFAULT 'Y', 
	"ROL" VARCHAR2(100 BYTE), 
	"DESCRIPCION" VARCHAR2(255 BYTE), 
	"UPDATED_AT" TIMESTAMP (6), 
	"CREATED_AT" TIMESTAMP (6), 
	"DELETED_AT" TIMESTAMP (6), 
	"DELETED" CHAR(1 BYTE) DEFAULT 'N'
   ) SEGMENT CREATION IMMEDIATE 
  PCTFREE 10 PCTUSED 40 INITRANS 1 MAXTRANS 255 
 NOCOMPRESS LOGGING
  STORAGE(INITIAL 65536 NEXT 1048576 MINEXTENTS 1 MAXEXTENTS 2147483645
  PCTINCREASE 0 FREELISTS 1 FREELIST GROUPS 1
  BUFFER_POOL DEFAULT FLASH_CACHE DEFAULT CELL_FLASH_CACHE DEFAULT)
  TABLESPACE "USERS" ;
--------------------------------------------------------
--  DDL for Table SERVICIO
--------------------------------------------------------

  CREATE TABLE "TURISMO_REAL"."SERVICIO" 
   (	"ID_SERVICIO" NUMBER(*,0) GENERATED BY DEFAULT AS IDENTITY MINVALUE 1 MAXVALUE 9999999999999999999999999999 INCREMENT BY 1 START WITH 1 CACHE 20 NOORDER  NOCYCLE  NOKEEP  NOSCALE , 
	"SERVICIO" VARCHAR2(255 BYTE), 
	"PRECIO" NUMBER(*,0), 
	"ESTADO" CHAR(1 BYTE) DEFAULT 'Y', 
	"ID_TIPO_SERVICIO" NUMBER(*,0), 
	"LUGAR_ORIGEN" VARCHAR2(255 BYTE), 
	"LUGAR_DESTINO" VARCHAR2(255 BYTE), 
	"FECHA_INICIO" DATE, 
	"FECHA_FIN" DATE, 
	"ID_TRANSPORTISTA" NUMBER(*,0), 
	"CREATED_AT" TIMESTAMP (6), 
	"UPDATED_AT" TIMESTAMP (6), 
	"DELETED" CHAR(1 BYTE) DEFAULT 'N', 
	"DELETED_AT" TIMESTAMP (6), 
	"FLG_LUGAR" CHAR(1 BYTE) DEFAULT 'N', 
	"FLG_HORARIO" CHAR(1 BYTE) DEFAULT 'N', 
	"FLG_TRANSPORTISTA" CHAR(1 BYTE) DEFAULT 'N', 
	"HORA_INICIO" VARCHAR2(5 BYTE), 
	"HORA_FIN" VARCHAR2(5 BYTE), 
	"DESCRIPCION_CORTA" VARCHAR2(255 BYTE), 
	"CANTIDAD" NUMBER(*,0)
   ) SEGMENT CREATION IMMEDIATE 
  PCTFREE 10 PCTUSED 40 INITRANS 1 MAXTRANS 255 
 NOCOMPRESS LOGGING
  STORAGE(INITIAL 65536 NEXT 1048576 MINEXTENTS 1 MAXEXTENTS 2147483645
  PCTINCREASE 0 FREELISTS 1 FREELIST GROUPS 1
  BUFFER_POOL DEFAULT FLASH_CACHE DEFAULT CELL_FLASH_CACHE DEFAULT)
  TABLESPACE "USERS" ;
--------------------------------------------------------
--  DDL for Table SERVICIO_RESERVA
--------------------------------------------------------

  CREATE TABLE "TURISMO_REAL"."SERVICIO_RESERVA" 
   (	"ID" NUMBER(*,0) GENERATED BY DEFAULT AS IDENTITY MINVALUE 1 MAXVALUE 9999999999999999999999999999 INCREMENT BY 1 START WITH 1 CACHE 20 NOORDER  NOCYCLE  NOKEEP  NOSCALE , 
	"FLG_NOTIFICA_INICIO" CHAR(1 BYTE) DEFAULT 'N', 
	"FECHA_INICIO" DATE, 
	"FLG_NOTIFICA_FIN" CHAR(1 BYTE) DEFAULT 'N', 
	"FECHA_FIN" DATE, 
	"CREATED_AT" TIMESTAMP (6), 
	"ID_SERVICIO" NUMBER(*,0), 
	"ID_RESERVA" NUMBER(*,0), 
	"UPDATED_AT" TIMESTAMP (6), 
	"PRECIO" NUMBER(*,0), 
	"CANTIDAD" NUMBER
   ) SEGMENT CREATION IMMEDIATE 
  PCTFREE 10 PCTUSED 40 INITRANS 1 MAXTRANS 255 
 NOCOMPRESS LOGGING
  STORAGE(INITIAL 65536 NEXT 1048576 MINEXTENTS 1 MAXEXTENTS 2147483645
  PCTINCREASE 0 FREELISTS 1 FREELIST GROUPS 1
  BUFFER_POOL DEFAULT FLASH_CACHE DEFAULT CELL_FLASH_CACHE DEFAULT)
  TABLESPACE "USERS" ;
--------------------------------------------------------
--  DDL for Table SUCURSAL
--------------------------------------------------------

  CREATE TABLE "TURISMO_REAL"."SUCURSAL" 
   (	"ID_SUCURSAL" NUMBER(*,0) GENERATED BY DEFAULT AS IDENTITY MINVALUE 1 MAXVALUE 9999999999999999999999999999 INCREMENT BY 1 START WITH 1 CACHE 20 NOORDER  NOCYCLE  NOKEEP  NOSCALE , 
	"SUCURSAL" VARCHAR2(255 BYTE), 
	"ESTADO" CHAR(1 BYTE) DEFAULT 'Y', 
	"CREATED_AT" TIMESTAMP (6), 
	"UPDATED_AT" TIMESTAMP (6), 
	"DELETED_AT" TIMESTAMP (6), 
	"DELETED" CHAR(1 BYTE) DEFAULT 'N', 
	"COMUNA_ID_COMUNA" NUMBER(*,0)
   ) SEGMENT CREATION IMMEDIATE 
  PCTFREE 10 PCTUSED 40 INITRANS 1 MAXTRANS 255 
 NOCOMPRESS LOGGING
  STORAGE(INITIAL 65536 NEXT 1048576 MINEXTENTS 1 MAXEXTENTS 2147483645
  PCTINCREASE 0 FREELISTS 1 FREELIST GROUPS 1
  BUFFER_POOL DEFAULT FLASH_CACHE DEFAULT CELL_FLASH_CACHE DEFAULT)
  TABLESPACE "USERS" ;
--------------------------------------------------------
--  DDL for Table TIPO_MOVIMIENTO_CAJA
--------------------------------------------------------

  CREATE TABLE "TURISMO_REAL"."TIPO_MOVIMIENTO_CAJA" 
   (	"ID_TIPO_MOVIMIENTO_CAJA" NUMBER(*,0) GENERATED BY DEFAULT AS IDENTITY MINVALUE 1 MAXVALUE 9999999999999999999999999999 INCREMENT BY 1 START WITH 1 CACHE 20 NOORDER  NOCYCLE  NOKEEP  NOSCALE , 
	"DESCRIPCION" VARCHAR2(255 BYTE), 
	"CREATED_AT" TIMESTAMP (6)
   ) SEGMENT CREATION IMMEDIATE 
  PCTFREE 10 PCTUSED 40 INITRANS 1 MAXTRANS 255 
 NOCOMPRESS LOGGING
  STORAGE(INITIAL 65536 NEXT 1048576 MINEXTENTS 1 MAXEXTENTS 2147483645
  PCTINCREASE 0 FREELISTS 1 FREELIST GROUPS 1
  BUFFER_POOL DEFAULT FLASH_CACHE DEFAULT CELL_FLASH_CACHE DEFAULT)
  TABLESPACE "USERS" ;
--------------------------------------------------------
--  DDL for Table TIPO_MOVIMIENTO_INVENTARIO
--------------------------------------------------------

  CREATE TABLE "TURISMO_REAL"."TIPO_MOVIMIENTO_INVENTARIO" 
   (	"ID_TIPO_MOVIMIENTO" NUMBER(*,0) GENERATED BY DEFAULT AS IDENTITY MINVALUE 1 MAXVALUE 9999999999999999999999999999 INCREMENT BY 1 START WITH 1 CACHE 20 NOORDER  NOCYCLE  NOKEEP  NOSCALE , 
	"DESCRIPCION" VARCHAR2(255 BYTE), 
	"CREATED_AT" TIMESTAMP (6)
   ) SEGMENT CREATION DEFERRED 
  PCTFREE 10 PCTUSED 40 INITRANS 1 MAXTRANS 255 
 NOCOMPRESS LOGGING
  TABLESPACE "USERS" ;
--------------------------------------------------------
--  DDL for Table TIPO_MULTA
--------------------------------------------------------

  CREATE TABLE "TURISMO_REAL"."TIPO_MULTA" 
   (	"ID_TIPO_MULTA" NUMBER(*,0) GENERATED BY DEFAULT AS IDENTITY MINVALUE 1 MAXVALUE 9999999999999999999999999999 INCREMENT BY 1 START WITH 1 CACHE 20 NOORDER  NOCYCLE  NOKEEP  NOSCALE , 
	"TIPO_MULTA" VARCHAR2(255 BYTE), 
	"ESTADO" CHAR(1 BYTE) DEFAULT 'Y', 
	"CREATED_AT" TIMESTAMP (6), 
	"UPDATED_AT" TIMESTAMP (6), 
	"DELETED" CHAR(1 BYTE) DEFAULT 'N', 
	"DELETED_AT" TIMESTAMP (6)
   ) SEGMENT CREATION IMMEDIATE 
  PCTFREE 10 PCTUSED 40 INITRANS 1 MAXTRANS 255 
 NOCOMPRESS LOGGING
  STORAGE(INITIAL 65536 NEXT 1048576 MINEXTENTS 1 MAXEXTENTS 2147483645
  PCTINCREASE 0 FREELISTS 1 FREELIST GROUPS 1
  BUFFER_POOL DEFAULT FLASH_CACHE DEFAULT CELL_FLASH_CACHE DEFAULT)
  TABLESPACE "USERS" ;
--------------------------------------------------------
--  DDL for Table TIPO_SERVICIO
--------------------------------------------------------

  CREATE TABLE "TURISMO_REAL"."TIPO_SERVICIO" 
   (	"ID_TIPO_SERVICIO" NUMBER(*,0) GENERATED BY DEFAULT AS IDENTITY MINVALUE 1 MAXVALUE 9999999999999999999999999999 INCREMENT BY 1 START WITH 1 CACHE 20 NOORDER  NOCYCLE  NOKEEP  NOSCALE , 
	"TIPO_SERVICIO" VARCHAR2(30 BYTE), 
	"ESTADO" CHAR(1 BYTE) DEFAULT 'N', 
	"CREATED_AT" TIMESTAMP (6), 
	"UPDATED_AT" TIMESTAMP (6), 
	"DELETED" CHAR(1 BYTE) DEFAULT 'N', 
	"DELETED_AT" TIMESTAMP (6), 
	"FLG_LUGAR" CHAR(1 BYTE) DEFAULT 'N', 
	"FLG_HORARIO" CHAR(1 BYTE) DEFAULT 'N', 
	"FLG_TRANSPORTISTA" CHAR(1 BYTE) DEFAULT 'N'
   ) SEGMENT CREATION IMMEDIATE 
  PCTFREE 10 PCTUSED 40 INITRANS 1 MAXTRANS 255 
 NOCOMPRESS LOGGING
  STORAGE(INITIAL 65536 NEXT 1048576 MINEXTENTS 1 MAXEXTENTS 2147483645
  PCTINCREASE 0 FREELISTS 1 FREELIST GROUPS 1
  BUFFER_POOL DEFAULT FLASH_CACHE DEFAULT CELL_FLASH_CACHE DEFAULT)
  TABLESPACE "USERS" ;
--------------------------------------------------------
--  DDL for Table TRANSPORTISTA
--------------------------------------------------------

  CREATE TABLE "TURISMO_REAL"."TRANSPORTISTA" 
   (	"ID_TRANSPORTISTA" NUMBER(*,0) GENERATED BY DEFAULT AS IDENTITY MINVALUE 1 MAXVALUE 9999999999999999999999999999 INCREMENT BY 1 START WITH 1 CACHE 20 NOORDER  NOCYCLE  NOKEEP  NOSCALE , 
	"DNI" VARCHAR2(20 BYTE), 
	"NOMBRE" VARCHAR2(255 BYTE), 
	"VEHICULO" VARCHAR2(255 BYTE), 
	"PATENTE" VARCHAR2(10 BYTE), 
	"ESTADO" CHAR(1 BYTE) DEFAULT 'Y', 
	"CREATED_AT" TIMESTAMP (6), 
	"UPDATED_AT" TIMESTAMP (6), 
	"DELETED_AT" TIMESTAMP (6), 
	"DELETED" CHAR(1 BYTE) DEFAULT 'N'
   ) SEGMENT CREATION DEFERRED 
  PCTFREE 10 PCTUSED 40 INITRANS 1 MAXTRANS 255 
 NOCOMPRESS LOGGING
  TABLESPACE "USERS" ;
--------------------------------------------------------
--  DDL for Table USUARIO
--------------------------------------------------------

  CREATE TABLE "TURISMO_REAL"."USUARIO" 
   (	"ID_USUARIO" NUMBER(*,0) GENERATED BY DEFAULT AS IDENTITY MINVALUE 1 MAXVALUE 9999999999999999999999999999 INCREMENT BY 1 START WITH 1 CACHE 20 NOORDER  NOCYCLE  NOKEEP  NOSCALE , 
	"ESTADO" CHAR(1 BYTE) DEFAULT 'Y', 
	"USERNAME" VARCHAR2(255 BYTE), 
	"PASSWORD" VARCHAR2(255 BYTE), 
	"FLG_CAMBIO_PASSWORD" CHAR(1 BYTE) DEFAULT 'N', 
	"EMAIL" VARCHAR2(255 BYTE), 
	"AVATAR" VARCHAR2(255 BYTE), 
	"CREATED_AT" TIMESTAMP (6), 
	"UPDATED_AT" TIMESTAMP (6), 
	"DELETED_AT" TIMESTAMP (6), 
	"DELETED" CHAR(1 BYTE) DEFAULT 'N', 
	"ID_ROL" NUMBER(*,0), 
	"REMEMBER_TOKEN" VARCHAR2(255 BYTE), 
	"ID_RESERVA" NUMBER(*,0), 
	"ULTIMO_ACCESO" TIMESTAMP (6), 
	"ID_PASO_RESERVA" NUMBER(*,0)
   ) SEGMENT CREATION IMMEDIATE 
  PCTFREE 10 PCTUSED 40 INITRANS 1 MAXTRANS 255 
 NOCOMPRESS LOGGING
  STORAGE(INITIAL 65536 NEXT 1048576 MINEXTENTS 1 MAXEXTENTS 2147483645
  PCTINCREASE 0 FREELISTS 1 FREELIST GROUPS 1
  BUFFER_POOL DEFAULT FLASH_CACHE DEFAULT CELL_FLASH_CACHE DEFAULT)
  TABLESPACE "USERS" ;
REM INSERTING into TURISMO_REAL.ACCESORIO
SET DEFINE OFF;
Insert into TURISMO_REAL.ACCESORIO (ID_ACCESORIO,ACCESORIO,ESTADO,CREATED_AT,UPDATED_AT,DELETED_AT,DELETED) values ('21','Televisor','Y',to_timestamp('23/11/22 22:55:00,000000000','DD/MM/RR HH24:MI:SSXFF'),to_timestamp('23/11/22 22:55:51,000000000','DD/MM/RR HH24:MI:SSXFF'),null,'N');
Insert into TURISMO_REAL.ACCESORIO (ID_ACCESORIO,ACCESORIO,ESTADO,CREATED_AT,UPDATED_AT,DELETED_AT,DELETED) values ('1','Televisor 32 Pulgadas','Y',to_timestamp('20/11/22 21:13:35,000000000','DD/MM/RR HH24:MI:SSXFF'),to_timestamp('20/11/22 21:13:35,000000000','DD/MM/RR HH24:MI:SSXFF'),null,'N');
REM INSERTING into TURISMO_REAL.CARGO
SET DEFINE OFF;
Insert into TURISMO_REAL.CARGO (ID_CARGO,CARGO,CREATED_AT,ESTADO,DELETED_AT,DELETED,UPDATED_AT) values ('21','TEST2',to_timestamp('23/11/22 23:17:09,000000000','DD/MM/RR HH24:MI:SSXFF'),'N',to_timestamp('23/11/22 23:17:19,000000000','DD/MM/RR HH24:MI:SSXFF'),'Y',to_timestamp('23/11/22 23:17:19,000000000','DD/MM/RR HH24:MI:SSXFF'));
Insert into TURISMO_REAL.CARGO (ID_CARGO,CARGO,CREATED_AT,ESTADO,DELETED_AT,DELETED,UPDATED_AT) values ('1','GERENTE GENERAL',to_timestamp('22/10/22 23:02:08,000000000','DD/MM/RR HH24:MI:SSXFF'),'Y',null,'N',to_timestamp('24/11/22 02:17:37,000000000','DD/MM/RR HH24:MI:SSXFF'));
Insert into TURISMO_REAL.CARGO (ID_CARGO,CARGO,CREATED_AT,ESTADO,DELETED_AT,DELETED,UPDATED_AT) values ('2','RECEPCIONISTA',to_timestamp('22/10/22 23:03:53,000000000','DD/MM/RR HH24:MI:SSXFF'),'Y',null,'N',to_timestamp('22/10/22 23:03:53,000000000','DD/MM/RR HH24:MI:SSXFF'));
Insert into TURISMO_REAL.CARGO (ID_CARGO,CARGO,CREATED_AT,ESTADO,DELETED_AT,DELETED,UPDATED_AT) values ('3','PRUEBA',to_timestamp('26/10/22 18:53:27,000000000','DD/MM/RR HH24:MI:SSXFF'),'Y',null,'N',to_timestamp('26/10/22 18:53:27,000000000','DD/MM/RR HH24:MI:SSXFF'));
Insert into TURISMO_REAL.CARGO (ID_CARGO,CARGO,CREATED_AT,ESTADO,DELETED_AT,DELETED,UPDATED_AT) values ('4','PRUEBA2',to_timestamp('20/11/22 21:15:15,000000000','DD/MM/RR HH24:MI:SSXFF'),'Y',to_timestamp('20/11/22 21:19:39,000000000','DD/MM/RR HH24:MI:SSXFF'),'Y',to_timestamp('20/11/22 21:19:39,000000000','DD/MM/RR HH24:MI:SSXFF'));
REM INSERTING into TURISMO_REAL.CHECK_IN
SET DEFINE OFF;
REM INSERTING into TURISMO_REAL.CHECK_OUT
SET DEFINE OFF;
REM INSERTING into TURISMO_REAL.CLIENTE
SET DEFINE OFF;
Insert into TURISMO_REAL.CLIENTE (ID_CLIENTE,ESTADO,DNI,NOMBRE,APELLIDO,FECHA_NACIMIENTO,EMAIL,CELULAR,UPDATED_AT,CREATED_AT,DELETED_AT,DELETED,ID_USUARIO,ID_COMUNA,DIRECCION) values ('1','Y','19513322-0','Bastian','Rodriguez',to_date('15/05/80','DD/MM/RR'),'test1@test.com','+56930634036',to_timestamp('24/11/22 01:51:20,000000000','DD/MM/RR HH24:MI:SSXFF'),to_timestamp('20/11/22 20:59:18,000000000','DD/MM/RR HH24:MI:SSXFF'),null,'N','1',null,null);
REM INSERTING into TURISMO_REAL.COMUNA
SET DEFINE OFF;
Insert into TURISMO_REAL.COMUNA (ID_COMUNA,CODIGO_COMUNA,COMUNA,REGION_ID_REGION) values ('267','10305','RÍO NEGRO','10');
Insert into TURISMO_REAL.COMUNA (ID_COMUNA,CODIGO_COMUNA,COMUNA,REGION_ID_REGION) values ('268','10306','SAN JUAN DE LA COSTA','10');
Insert into TURISMO_REAL.COMUNA (ID_COMUNA,CODIGO_COMUNA,COMUNA,REGION_ID_REGION) values ('269','10307','SAN PABLO','10');
Insert into TURISMO_REAL.COMUNA (ID_COMUNA,CODIGO_COMUNA,COMUNA,REGION_ID_REGION) values ('270','10401','CHAITÉN','10');
Insert into TURISMO_REAL.COMUNA (ID_COMUNA,CODIGO_COMUNA,COMUNA,REGION_ID_REGION) values ('271','10402','FUTALEUFÚ','10');
Insert into TURISMO_REAL.COMUNA (ID_COMUNA,CODIGO_COMUNA,COMUNA,REGION_ID_REGION) values ('272','10403','HUALAIHUÉ','10');
Insert into TURISMO_REAL.COMUNA (ID_COMUNA,CODIGO_COMUNA,COMUNA,REGION_ID_REGION) values ('273','10404','PALENA','10');
Insert into TURISMO_REAL.COMUNA (ID_COMUNA,CODIGO_COMUNA,COMUNA,REGION_ID_REGION) values ('274','11101','COIHAIQUE','11');
Insert into TURISMO_REAL.COMUNA (ID_COMUNA,CODIGO_COMUNA,COMUNA,REGION_ID_REGION) values ('275','11102','LAGO VERDE','11');
Insert into TURISMO_REAL.COMUNA (ID_COMUNA,CODIGO_COMUNA,COMUNA,REGION_ID_REGION) values ('276','11201','AISÉN','11');
Insert into TURISMO_REAL.COMUNA (ID_COMUNA,CODIGO_COMUNA,COMUNA,REGION_ID_REGION) values ('277','11202','CISNES','11');
Insert into TURISMO_REAL.COMUNA (ID_COMUNA,CODIGO_COMUNA,COMUNA,REGION_ID_REGION) values ('278','11203','GUAITECAS','11');
Insert into TURISMO_REAL.COMUNA (ID_COMUNA,CODIGO_COMUNA,COMUNA,REGION_ID_REGION) values ('279','11301','COCHRANE','11');
Insert into TURISMO_REAL.COMUNA (ID_COMUNA,CODIGO_COMUNA,COMUNA,REGION_ID_REGION) values ('280','11302','O"HIGGINS','11');
Insert into TURISMO_REAL.COMUNA (ID_COMUNA,CODIGO_COMUNA,COMUNA,REGION_ID_REGION) values ('281','11303','TORTEL','11');
Insert into TURISMO_REAL.COMUNA (ID_COMUNA,CODIGO_COMUNA,COMUNA,REGION_ID_REGION) values ('282','11401','CHILE CHICO','11');
Insert into TURISMO_REAL.COMUNA (ID_COMUNA,CODIGO_COMUNA,COMUNA,REGION_ID_REGION) values ('283','11402','RÍO IBÁÑEZ','11');
Insert into TURISMO_REAL.COMUNA (ID_COMUNA,CODIGO_COMUNA,COMUNA,REGION_ID_REGION) values ('284','12101','PUNTA ARENAS','12');
Insert into TURISMO_REAL.COMUNA (ID_COMUNA,CODIGO_COMUNA,COMUNA,REGION_ID_REGION) values ('285','12102','LAGUNA BLANCA','12');
Insert into TURISMO_REAL.COMUNA (ID_COMUNA,CODIGO_COMUNA,COMUNA,REGION_ID_REGION) values ('286','12103','RÍO VERDE','12');
Insert into TURISMO_REAL.COMUNA (ID_COMUNA,CODIGO_COMUNA,COMUNA,REGION_ID_REGION) values ('287','12104','SAN GREGORIO','12');
Insert into TURISMO_REAL.COMUNA (ID_COMUNA,CODIGO_COMUNA,COMUNA,REGION_ID_REGION) values ('288','12201','CABO DE HORNOS (EX-NAVARINO)','12');
Insert into TURISMO_REAL.COMUNA (ID_COMUNA,CODIGO_COMUNA,COMUNA,REGION_ID_REGION) values ('289','12202','ANTÁRTICA','12');
Insert into TURISMO_REAL.COMUNA (ID_COMUNA,CODIGO_COMUNA,COMUNA,REGION_ID_REGION) values ('290','12301','PORVENIR','12');
Insert into TURISMO_REAL.COMUNA (ID_COMUNA,CODIGO_COMUNA,COMUNA,REGION_ID_REGION) values ('291','12302','PRIMAVERA','12');
Insert into TURISMO_REAL.COMUNA (ID_COMUNA,CODIGO_COMUNA,COMUNA,REGION_ID_REGION) values ('292','12303','TIMAUKEL','12');
Insert into TURISMO_REAL.COMUNA (ID_COMUNA,CODIGO_COMUNA,COMUNA,REGION_ID_REGION) values ('293','12401','NATALES','12');
Insert into TURISMO_REAL.COMUNA (ID_COMUNA,CODIGO_COMUNA,COMUNA,REGION_ID_REGION) values ('294','12402','TORRES DEL PAINE','12');
Insert into TURISMO_REAL.COMUNA (ID_COMUNA,CODIGO_COMUNA,COMUNA,REGION_ID_REGION) values ('295','13101','SANTIAGO','13');
Insert into TURISMO_REAL.COMUNA (ID_COMUNA,CODIGO_COMUNA,COMUNA,REGION_ID_REGION) values ('296','13102','CERRILLOS','13');
Insert into TURISMO_REAL.COMUNA (ID_COMUNA,CODIGO_COMUNA,COMUNA,REGION_ID_REGION) values ('297','13103','CERRO NAVIA','13');
Insert into TURISMO_REAL.COMUNA (ID_COMUNA,CODIGO_COMUNA,COMUNA,REGION_ID_REGION) values ('298','13104','CONCHALÍ','13');
Insert into TURISMO_REAL.COMUNA (ID_COMUNA,CODIGO_COMUNA,COMUNA,REGION_ID_REGION) values ('299','13105','EL BOSQUE','13');
Insert into TURISMO_REAL.COMUNA (ID_COMUNA,CODIGO_COMUNA,COMUNA,REGION_ID_REGION) values ('300','13106','ESTACIÓN CENTRAL','13');
Insert into TURISMO_REAL.COMUNA (ID_COMUNA,CODIGO_COMUNA,COMUNA,REGION_ID_REGION) values ('301','13107','HUECHURABA','13');
Insert into TURISMO_REAL.COMUNA (ID_COMUNA,CODIGO_COMUNA,COMUNA,REGION_ID_REGION) values ('302','13108','INDEPENDENCIA','13');
Insert into TURISMO_REAL.COMUNA (ID_COMUNA,CODIGO_COMUNA,COMUNA,REGION_ID_REGION) values ('303','13109','LA CISTERNA','13');
Insert into TURISMO_REAL.COMUNA (ID_COMUNA,CODIGO_COMUNA,COMUNA,REGION_ID_REGION) values ('304','13110','LA FLORIDA','13');
Insert into TURISMO_REAL.COMUNA (ID_COMUNA,CODIGO_COMUNA,COMUNA,REGION_ID_REGION) values ('305','13111','LA GRANJA','13');
Insert into TURISMO_REAL.COMUNA (ID_COMUNA,CODIGO_COMUNA,COMUNA,REGION_ID_REGION) values ('306','13112','LA PINTANA','13');
Insert into TURISMO_REAL.COMUNA (ID_COMUNA,CODIGO_COMUNA,COMUNA,REGION_ID_REGION) values ('307','13113','LA REINA','13');
Insert into TURISMO_REAL.COMUNA (ID_COMUNA,CODIGO_COMUNA,COMUNA,REGION_ID_REGION) values ('308','13114','LAS CONDES','13');
Insert into TURISMO_REAL.COMUNA (ID_COMUNA,CODIGO_COMUNA,COMUNA,REGION_ID_REGION) values ('309','13115','LO BARNECHEA','13');
Insert into TURISMO_REAL.COMUNA (ID_COMUNA,CODIGO_COMUNA,COMUNA,REGION_ID_REGION) values ('310','13116','LO ESPEJO','13');
Insert into TURISMO_REAL.COMUNA (ID_COMUNA,CODIGO_COMUNA,COMUNA,REGION_ID_REGION) values ('311','13117','LO PRADO','13');
Insert into TURISMO_REAL.COMUNA (ID_COMUNA,CODIGO_COMUNA,COMUNA,REGION_ID_REGION) values ('312','13118','MACUL','13');
Insert into TURISMO_REAL.COMUNA (ID_COMUNA,CODIGO_COMUNA,COMUNA,REGION_ID_REGION) values ('313','13119','MAIPÚ','13');
Insert into TURISMO_REAL.COMUNA (ID_COMUNA,CODIGO_COMUNA,COMUNA,REGION_ID_REGION) values ('314','13120','ÑUÑOA','13');
Insert into TURISMO_REAL.COMUNA (ID_COMUNA,CODIGO_COMUNA,COMUNA,REGION_ID_REGION) values ('315','13121','PEDRO AGUIRRE CERDA','13');
Insert into TURISMO_REAL.COMUNA (ID_COMUNA,CODIGO_COMUNA,COMUNA,REGION_ID_REGION) values ('316','13122','PEÑALOLÉN','13');
Insert into TURISMO_REAL.COMUNA (ID_COMUNA,CODIGO_COMUNA,COMUNA,REGION_ID_REGION) values ('317','13123','PROVIDENCIA','13');
Insert into TURISMO_REAL.COMUNA (ID_COMUNA,CODIGO_COMUNA,COMUNA,REGION_ID_REGION) values ('318','13124','PUDAHUEL','13');
Insert into TURISMO_REAL.COMUNA (ID_COMUNA,CODIGO_COMUNA,COMUNA,REGION_ID_REGION) values ('319','13125','QUILICURA','13');
Insert into TURISMO_REAL.COMUNA (ID_COMUNA,CODIGO_COMUNA,COMUNA,REGION_ID_REGION) values ('320','13126','QUINTA NORMAL','13');
Insert into TURISMO_REAL.COMUNA (ID_COMUNA,CODIGO_COMUNA,COMUNA,REGION_ID_REGION) values ('321','13127','RECOLETA','13');
Insert into TURISMO_REAL.COMUNA (ID_COMUNA,CODIGO_COMUNA,COMUNA,REGION_ID_REGION) values ('322','13128','RENCA','13');
Insert into TURISMO_REAL.COMUNA (ID_COMUNA,CODIGO_COMUNA,COMUNA,REGION_ID_REGION) values ('323','13129','SAN JOAQUÍN','13');
Insert into TURISMO_REAL.COMUNA (ID_COMUNA,CODIGO_COMUNA,COMUNA,REGION_ID_REGION) values ('324','13130','SAN MIGUEL','13');
Insert into TURISMO_REAL.COMUNA (ID_COMUNA,CODIGO_COMUNA,COMUNA,REGION_ID_REGION) values ('325','13131','SAN RAMÓN','13');
Insert into TURISMO_REAL.COMUNA (ID_COMUNA,CODIGO_COMUNA,COMUNA,REGION_ID_REGION) values ('326','13132','VITACURA','13');
Insert into TURISMO_REAL.COMUNA (ID_COMUNA,CODIGO_COMUNA,COMUNA,REGION_ID_REGION) values ('327','13201','PUENTE ALTO','13');
Insert into TURISMO_REAL.COMUNA (ID_COMUNA,CODIGO_COMUNA,COMUNA,REGION_ID_REGION) values ('328','13202','PIRQUE','13');
Insert into TURISMO_REAL.COMUNA (ID_COMUNA,CODIGO_COMUNA,COMUNA,REGION_ID_REGION) values ('329','13203','SAN JOSÉ DE MAIPO','13');
Insert into TURISMO_REAL.COMUNA (ID_COMUNA,CODIGO_COMUNA,COMUNA,REGION_ID_REGION) values ('330','13301','COLINA','13');
Insert into TURISMO_REAL.COMUNA (ID_COMUNA,CODIGO_COMUNA,COMUNA,REGION_ID_REGION) values ('331','13302','LAMPA','13');
Insert into TURISMO_REAL.COMUNA (ID_COMUNA,CODIGO_COMUNA,COMUNA,REGION_ID_REGION) values ('332','13303','TILTIL','13');
Insert into TURISMO_REAL.COMUNA (ID_COMUNA,CODIGO_COMUNA,COMUNA,REGION_ID_REGION) values ('333','13401','SAN BERNARDO','13');
Insert into TURISMO_REAL.COMUNA (ID_COMUNA,CODIGO_COMUNA,COMUNA,REGION_ID_REGION) values ('334','13402','BUIN','13');
Insert into TURISMO_REAL.COMUNA (ID_COMUNA,CODIGO_COMUNA,COMUNA,REGION_ID_REGION) values ('335','13403','CALERA DE TANGO','13');
Insert into TURISMO_REAL.COMUNA (ID_COMUNA,CODIGO_COMUNA,COMUNA,REGION_ID_REGION) values ('336','13404','PAINE','13');
Insert into TURISMO_REAL.COMUNA (ID_COMUNA,CODIGO_COMUNA,COMUNA,REGION_ID_REGION) values ('337','13501','MELIPILLA','13');
Insert into TURISMO_REAL.COMUNA (ID_COMUNA,CODIGO_COMUNA,COMUNA,REGION_ID_REGION) values ('338','13502','ALHUÉ','13');
Insert into TURISMO_REAL.COMUNA (ID_COMUNA,CODIGO_COMUNA,COMUNA,REGION_ID_REGION) values ('339','13503','CURACAVÍ','13');
Insert into TURISMO_REAL.COMUNA (ID_COMUNA,CODIGO_COMUNA,COMUNA,REGION_ID_REGION) values ('340','13504','MARÍA PINTO','13');
Insert into TURISMO_REAL.COMUNA (ID_COMUNA,CODIGO_COMUNA,COMUNA,REGION_ID_REGION) values ('341','13505','SAN PEDRO','13');
Insert into TURISMO_REAL.COMUNA (ID_COMUNA,CODIGO_COMUNA,COMUNA,REGION_ID_REGION) values ('342','13601','TALAGANTE','13');
Insert into TURISMO_REAL.COMUNA (ID_COMUNA,CODIGO_COMUNA,COMUNA,REGION_ID_REGION) values ('343','13602','EL MONTE','13');
Insert into TURISMO_REAL.COMUNA (ID_COMUNA,CODIGO_COMUNA,COMUNA,REGION_ID_REGION) values ('344','13603','ISLA DE MAIPO','13');
Insert into TURISMO_REAL.COMUNA (ID_COMUNA,CODIGO_COMUNA,COMUNA,REGION_ID_REGION) values ('345','13604','PADRE HURTADO','13');
Insert into TURISMO_REAL.COMUNA (ID_COMUNA,CODIGO_COMUNA,COMUNA,REGION_ID_REGION) values ('346','13605','PEÑAFLOR','13');
Insert into TURISMO_REAL.COMUNA (ID_COMUNA,CODIGO_COMUNA,COMUNA,REGION_ID_REGION) values ('1','15101','ARICA','15');
Insert into TURISMO_REAL.COMUNA (ID_COMUNA,CODIGO_COMUNA,COMUNA,REGION_ID_REGION) values ('2','15102','CAMARONES','15');
Insert into TURISMO_REAL.COMUNA (ID_COMUNA,CODIGO_COMUNA,COMUNA,REGION_ID_REGION) values ('3','15201','PUTRE','15');
Insert into TURISMO_REAL.COMUNA (ID_COMUNA,CODIGO_COMUNA,COMUNA,REGION_ID_REGION) values ('4','15202','GENERAL','15');
Insert into TURISMO_REAL.COMUNA (ID_COMUNA,CODIGO_COMUNA,COMUNA,REGION_ID_REGION) values ('5','01101','IQUIQUE','1');
Insert into TURISMO_REAL.COMUNA (ID_COMUNA,CODIGO_COMUNA,COMUNA,REGION_ID_REGION) values ('6','01107','ALTO HOSPICIO','1');
Insert into TURISMO_REAL.COMUNA (ID_COMUNA,CODIGO_COMUNA,COMUNA,REGION_ID_REGION) values ('7','01401','POZO ALMONTE','1');
Insert into TURISMO_REAL.COMUNA (ID_COMUNA,CODIGO_COMUNA,COMUNA,REGION_ID_REGION) values ('8','01402','CAMIÑA','1');
Insert into TURISMO_REAL.COMUNA (ID_COMUNA,CODIGO_COMUNA,COMUNA,REGION_ID_REGION) values ('9','01403','COLCHANE','1');
Insert into TURISMO_REAL.COMUNA (ID_COMUNA,CODIGO_COMUNA,COMUNA,REGION_ID_REGION) values ('10','01404','HUARA','1');
Insert into TURISMO_REAL.COMUNA (ID_COMUNA,CODIGO_COMUNA,COMUNA,REGION_ID_REGION) values ('11','01405','PICA','1');
Insert into TURISMO_REAL.COMUNA (ID_COMUNA,CODIGO_COMUNA,COMUNA,REGION_ID_REGION) values ('12','02101','ANTOFAGASTA','2');
Insert into TURISMO_REAL.COMUNA (ID_COMUNA,CODIGO_COMUNA,COMUNA,REGION_ID_REGION) values ('13','02102','MEJILLONES','2');
Insert into TURISMO_REAL.COMUNA (ID_COMUNA,CODIGO_COMUNA,COMUNA,REGION_ID_REGION) values ('14','02103','SIERRA GORDA','2');
Insert into TURISMO_REAL.COMUNA (ID_COMUNA,CODIGO_COMUNA,COMUNA,REGION_ID_REGION) values ('15','02104','TALTAL','2');
Insert into TURISMO_REAL.COMUNA (ID_COMUNA,CODIGO_COMUNA,COMUNA,REGION_ID_REGION) values ('16','02201','CALAMA','2');
Insert into TURISMO_REAL.COMUNA (ID_COMUNA,CODIGO_COMUNA,COMUNA,REGION_ID_REGION) values ('17','02202','OLLAGÜE','2');
Insert into TURISMO_REAL.COMUNA (ID_COMUNA,CODIGO_COMUNA,COMUNA,REGION_ID_REGION) values ('18','02203','SAN PEDRO DE ATACAMA','2');
Insert into TURISMO_REAL.COMUNA (ID_COMUNA,CODIGO_COMUNA,COMUNA,REGION_ID_REGION) values ('19','02301','TOCOPILLA','2');
Insert into TURISMO_REAL.COMUNA (ID_COMUNA,CODIGO_COMUNA,COMUNA,REGION_ID_REGION) values ('20','02302','MARÍA ELENA','2');
Insert into TURISMO_REAL.COMUNA (ID_COMUNA,CODIGO_COMUNA,COMUNA,REGION_ID_REGION) values ('21','03101','COPIAPÓ','3');
Insert into TURISMO_REAL.COMUNA (ID_COMUNA,CODIGO_COMUNA,COMUNA,REGION_ID_REGION) values ('22','03102','CALDERA','3');
Insert into TURISMO_REAL.COMUNA (ID_COMUNA,CODIGO_COMUNA,COMUNA,REGION_ID_REGION) values ('23','03103','TIERRA AMARILLA','3');
Insert into TURISMO_REAL.COMUNA (ID_COMUNA,CODIGO_COMUNA,COMUNA,REGION_ID_REGION) values ('24','03201','CHAÑARAL','3');
Insert into TURISMO_REAL.COMUNA (ID_COMUNA,CODIGO_COMUNA,COMUNA,REGION_ID_REGION) values ('25','03202','DIEGO DE ALMAGRO','3');
Insert into TURISMO_REAL.COMUNA (ID_COMUNA,CODIGO_COMUNA,COMUNA,REGION_ID_REGION) values ('26','03301','VALLENAR','3');
Insert into TURISMO_REAL.COMUNA (ID_COMUNA,CODIGO_COMUNA,COMUNA,REGION_ID_REGION) values ('27','03302','ALTO DEL CARMEN','3');
Insert into TURISMO_REAL.COMUNA (ID_COMUNA,CODIGO_COMUNA,COMUNA,REGION_ID_REGION) values ('28','03303','FREIRINA','3');
Insert into TURISMO_REAL.COMUNA (ID_COMUNA,CODIGO_COMUNA,COMUNA,REGION_ID_REGION) values ('29','03304','HUASCO','3');
Insert into TURISMO_REAL.COMUNA (ID_COMUNA,CODIGO_COMUNA,COMUNA,REGION_ID_REGION) values ('30','04101','LA SERENA','4');
Insert into TURISMO_REAL.COMUNA (ID_COMUNA,CODIGO_COMUNA,COMUNA,REGION_ID_REGION) values ('31','04102','COQUIMBO','4');
Insert into TURISMO_REAL.COMUNA (ID_COMUNA,CODIGO_COMUNA,COMUNA,REGION_ID_REGION) values ('32','04103','ANDACOLLO','4');
Insert into TURISMO_REAL.COMUNA (ID_COMUNA,CODIGO_COMUNA,COMUNA,REGION_ID_REGION) values ('33','04104','LA HIGUERA','4');
Insert into TURISMO_REAL.COMUNA (ID_COMUNA,CODIGO_COMUNA,COMUNA,REGION_ID_REGION) values ('34','04105','PAIGUANO','4');
Insert into TURISMO_REAL.COMUNA (ID_COMUNA,CODIGO_COMUNA,COMUNA,REGION_ID_REGION) values ('35','04106','VICUÑA','4');
Insert into TURISMO_REAL.COMUNA (ID_COMUNA,CODIGO_COMUNA,COMUNA,REGION_ID_REGION) values ('36','04201','ILLAPEL','4');
Insert into TURISMO_REAL.COMUNA (ID_COMUNA,CODIGO_COMUNA,COMUNA,REGION_ID_REGION) values ('37','04202','CANELA','4');
Insert into TURISMO_REAL.COMUNA (ID_COMUNA,CODIGO_COMUNA,COMUNA,REGION_ID_REGION) values ('38','04203','LOS VILOS','4');
Insert into TURISMO_REAL.COMUNA (ID_COMUNA,CODIGO_COMUNA,COMUNA,REGION_ID_REGION) values ('39','04204','SALAMANCA','4');
Insert into TURISMO_REAL.COMUNA (ID_COMUNA,CODIGO_COMUNA,COMUNA,REGION_ID_REGION) values ('40','04301','OVALLE','4');
Insert into TURISMO_REAL.COMUNA (ID_COMUNA,CODIGO_COMUNA,COMUNA,REGION_ID_REGION) values ('41','04302','COMBARBALÁ','4');
Insert into TURISMO_REAL.COMUNA (ID_COMUNA,CODIGO_COMUNA,COMUNA,REGION_ID_REGION) values ('42','04303','MONTE PATRIA','4');
Insert into TURISMO_REAL.COMUNA (ID_COMUNA,CODIGO_COMUNA,COMUNA,REGION_ID_REGION) values ('43','04304','PUNITAQUI','4');
Insert into TURISMO_REAL.COMUNA (ID_COMUNA,CODIGO_COMUNA,COMUNA,REGION_ID_REGION) values ('44','04305','RÍO HURTADO','4');
Insert into TURISMO_REAL.COMUNA (ID_COMUNA,CODIGO_COMUNA,COMUNA,REGION_ID_REGION) values ('45','05101','VALPARAÍSO','5');
Insert into TURISMO_REAL.COMUNA (ID_COMUNA,CODIGO_COMUNA,COMUNA,REGION_ID_REGION) values ('46','05102','CASABLANCA','5');
Insert into TURISMO_REAL.COMUNA (ID_COMUNA,CODIGO_COMUNA,COMUNA,REGION_ID_REGION) values ('47','05103','CONCÓN','5');
Insert into TURISMO_REAL.COMUNA (ID_COMUNA,CODIGO_COMUNA,COMUNA,REGION_ID_REGION) values ('48','05104','JUAN FERNÁNDEZ','5');
Insert into TURISMO_REAL.COMUNA (ID_COMUNA,CODIGO_COMUNA,COMUNA,REGION_ID_REGION) values ('49','05105','PUCHUNCAVÍ','5');
Insert into TURISMO_REAL.COMUNA (ID_COMUNA,CODIGO_COMUNA,COMUNA,REGION_ID_REGION) values ('50','05106','QUILPUÉ','5');
Insert into TURISMO_REAL.COMUNA (ID_COMUNA,CODIGO_COMUNA,COMUNA,REGION_ID_REGION) values ('51','05107','QUINTERO','5');
Insert into TURISMO_REAL.COMUNA (ID_COMUNA,CODIGO_COMUNA,COMUNA,REGION_ID_REGION) values ('52','05108','VILLA ALEMANA','5');
Insert into TURISMO_REAL.COMUNA (ID_COMUNA,CODIGO_COMUNA,COMUNA,REGION_ID_REGION) values ('53','05109','VIÑA DEL MAR','5');
Insert into TURISMO_REAL.COMUNA (ID_COMUNA,CODIGO_COMUNA,COMUNA,REGION_ID_REGION) values ('54','05201','ISLA DE PASCUA','5');
Insert into TURISMO_REAL.COMUNA (ID_COMUNA,CODIGO_COMUNA,COMUNA,REGION_ID_REGION) values ('55','05301','LOS ANDES','5');
Insert into TURISMO_REAL.COMUNA (ID_COMUNA,CODIGO_COMUNA,COMUNA,REGION_ID_REGION) values ('56','05302','CALLE LARGA','5');
Insert into TURISMO_REAL.COMUNA (ID_COMUNA,CODIGO_COMUNA,COMUNA,REGION_ID_REGION) values ('57','05303','RINCONADA','5');
Insert into TURISMO_REAL.COMUNA (ID_COMUNA,CODIGO_COMUNA,COMUNA,REGION_ID_REGION) values ('58','05304','SAN ESTEBAN','5');
Insert into TURISMO_REAL.COMUNA (ID_COMUNA,CODIGO_COMUNA,COMUNA,REGION_ID_REGION) values ('59','05401','LA LIGUA','5');
Insert into TURISMO_REAL.COMUNA (ID_COMUNA,CODIGO_COMUNA,COMUNA,REGION_ID_REGION) values ('60','05402','CABILDO','5');
Insert into TURISMO_REAL.COMUNA (ID_COMUNA,CODIGO_COMUNA,COMUNA,REGION_ID_REGION) values ('61','05403','PAPUDO','5');
Insert into TURISMO_REAL.COMUNA (ID_COMUNA,CODIGO_COMUNA,COMUNA,REGION_ID_REGION) values ('62','05404','PETORCA','5');
Insert into TURISMO_REAL.COMUNA (ID_COMUNA,CODIGO_COMUNA,COMUNA,REGION_ID_REGION) values ('63','05405','ZAPALLAR','5');
Insert into TURISMO_REAL.COMUNA (ID_COMUNA,CODIGO_COMUNA,COMUNA,REGION_ID_REGION) values ('64','05501','QUILLOTA','5');
Insert into TURISMO_REAL.COMUNA (ID_COMUNA,CODIGO_COMUNA,COMUNA,REGION_ID_REGION) values ('65','05502','CALERA','5');
Insert into TURISMO_REAL.COMUNA (ID_COMUNA,CODIGO_COMUNA,COMUNA,REGION_ID_REGION) values ('66','05503','HIJUELAS','5');
Insert into TURISMO_REAL.COMUNA (ID_COMUNA,CODIGO_COMUNA,COMUNA,REGION_ID_REGION) values ('67','05504','LA CRUZ','5');
Insert into TURISMO_REAL.COMUNA (ID_COMUNA,CODIGO_COMUNA,COMUNA,REGION_ID_REGION) values ('68','05505','LIMACHE','5');
Insert into TURISMO_REAL.COMUNA (ID_COMUNA,CODIGO_COMUNA,COMUNA,REGION_ID_REGION) values ('69','05506','NOGALES','5');
Insert into TURISMO_REAL.COMUNA (ID_COMUNA,CODIGO_COMUNA,COMUNA,REGION_ID_REGION) values ('70','05507','OLMUÉ','5');
Insert into TURISMO_REAL.COMUNA (ID_COMUNA,CODIGO_COMUNA,COMUNA,REGION_ID_REGION) values ('71','05601','SAN ANTONIO','5');
Insert into TURISMO_REAL.COMUNA (ID_COMUNA,CODIGO_COMUNA,COMUNA,REGION_ID_REGION) values ('72','05602','ALGARROBO','5');
Insert into TURISMO_REAL.COMUNA (ID_COMUNA,CODIGO_COMUNA,COMUNA,REGION_ID_REGION) values ('73','05603','CARTAGENA','5');
Insert into TURISMO_REAL.COMUNA (ID_COMUNA,CODIGO_COMUNA,COMUNA,REGION_ID_REGION) values ('74','05604','EL QUISCO','5');
Insert into TURISMO_REAL.COMUNA (ID_COMUNA,CODIGO_COMUNA,COMUNA,REGION_ID_REGION) values ('75','05605','EL TABO','5');
Insert into TURISMO_REAL.COMUNA (ID_COMUNA,CODIGO_COMUNA,COMUNA,REGION_ID_REGION) values ('76','05606','SANTO DOMINGO','5');
Insert into TURISMO_REAL.COMUNA (ID_COMUNA,CODIGO_COMUNA,COMUNA,REGION_ID_REGION) values ('77','05701','SAN FELIPE','5');
Insert into TURISMO_REAL.COMUNA (ID_COMUNA,CODIGO_COMUNA,COMUNA,REGION_ID_REGION) values ('78','05702','CATEMU','5');
Insert into TURISMO_REAL.COMUNA (ID_COMUNA,CODIGO_COMUNA,COMUNA,REGION_ID_REGION) values ('79','05703','LLAILLAY','5');
Insert into TURISMO_REAL.COMUNA (ID_COMUNA,CODIGO_COMUNA,COMUNA,REGION_ID_REGION) values ('80','05704','PANQUEHUE','5');
Insert into TURISMO_REAL.COMUNA (ID_COMUNA,CODIGO_COMUNA,COMUNA,REGION_ID_REGION) values ('81','05705','PUTAENDO','5');
Insert into TURISMO_REAL.COMUNA (ID_COMUNA,CODIGO_COMUNA,COMUNA,REGION_ID_REGION) values ('82','05706','SANTA MARÍA','5');
Insert into TURISMO_REAL.COMUNA (ID_COMUNA,CODIGO_COMUNA,COMUNA,REGION_ID_REGION) values ('83','06101','RANCAGUA','6');
Insert into TURISMO_REAL.COMUNA (ID_COMUNA,CODIGO_COMUNA,COMUNA,REGION_ID_REGION) values ('84','06102','CODEGUA','6');
Insert into TURISMO_REAL.COMUNA (ID_COMUNA,CODIGO_COMUNA,COMUNA,REGION_ID_REGION) values ('85','06103','COINCO','6');
Insert into TURISMO_REAL.COMUNA (ID_COMUNA,CODIGO_COMUNA,COMUNA,REGION_ID_REGION) values ('86','06104','COLTAUCO','6');
Insert into TURISMO_REAL.COMUNA (ID_COMUNA,CODIGO_COMUNA,COMUNA,REGION_ID_REGION) values ('87','06105','DOÑIHUE','6');
Insert into TURISMO_REAL.COMUNA (ID_COMUNA,CODIGO_COMUNA,COMUNA,REGION_ID_REGION) values ('88','06106','GRANEROS','6');
Insert into TURISMO_REAL.COMUNA (ID_COMUNA,CODIGO_COMUNA,COMUNA,REGION_ID_REGION) values ('89','06107','LAS CABRAS','6');
Insert into TURISMO_REAL.COMUNA (ID_COMUNA,CODIGO_COMUNA,COMUNA,REGION_ID_REGION) values ('90','06108','MACHALÍ','6');
Insert into TURISMO_REAL.COMUNA (ID_COMUNA,CODIGO_COMUNA,COMUNA,REGION_ID_REGION) values ('91','06109','MALLOA','6');
Insert into TURISMO_REAL.COMUNA (ID_COMUNA,CODIGO_COMUNA,COMUNA,REGION_ID_REGION) values ('92','06110','MOSTAZAL','6');
Insert into TURISMO_REAL.COMUNA (ID_COMUNA,CODIGO_COMUNA,COMUNA,REGION_ID_REGION) values ('93','06111','OLIVAR','6');
Insert into TURISMO_REAL.COMUNA (ID_COMUNA,CODIGO_COMUNA,COMUNA,REGION_ID_REGION) values ('94','06112','PEUMO','6');
Insert into TURISMO_REAL.COMUNA (ID_COMUNA,CODIGO_COMUNA,COMUNA,REGION_ID_REGION) values ('95','06113','PICHIDEGUA','6');
Insert into TURISMO_REAL.COMUNA (ID_COMUNA,CODIGO_COMUNA,COMUNA,REGION_ID_REGION) values ('96','06114','QUINTA DE TILCOCO','6');
Insert into TURISMO_REAL.COMUNA (ID_COMUNA,CODIGO_COMUNA,COMUNA,REGION_ID_REGION) values ('97','06115','RENGO','6');
Insert into TURISMO_REAL.COMUNA (ID_COMUNA,CODIGO_COMUNA,COMUNA,REGION_ID_REGION) values ('98','06116','REQUÍNOA','6');
Insert into TURISMO_REAL.COMUNA (ID_COMUNA,CODIGO_COMUNA,COMUNA,REGION_ID_REGION) values ('99','06117','SAN VICENTE','6');
Insert into TURISMO_REAL.COMUNA (ID_COMUNA,CODIGO_COMUNA,COMUNA,REGION_ID_REGION) values ('100','06201','PICHILEMU','6');
Insert into TURISMO_REAL.COMUNA (ID_COMUNA,CODIGO_COMUNA,COMUNA,REGION_ID_REGION) values ('101','06202','LA ESTRELLA','6');
Insert into TURISMO_REAL.COMUNA (ID_COMUNA,CODIGO_COMUNA,COMUNA,REGION_ID_REGION) values ('102','06203','LITUECHE','6');
Insert into TURISMO_REAL.COMUNA (ID_COMUNA,CODIGO_COMUNA,COMUNA,REGION_ID_REGION) values ('103','06204','MARCHIHUE','6');
Insert into TURISMO_REAL.COMUNA (ID_COMUNA,CODIGO_COMUNA,COMUNA,REGION_ID_REGION) values ('104','06205','NAVIDAD','6');
Insert into TURISMO_REAL.COMUNA (ID_COMUNA,CODIGO_COMUNA,COMUNA,REGION_ID_REGION) values ('105','06206','PAREDONES','6');
Insert into TURISMO_REAL.COMUNA (ID_COMUNA,CODIGO_COMUNA,COMUNA,REGION_ID_REGION) values ('106','06301','SAN FERNANDO','6');
Insert into TURISMO_REAL.COMUNA (ID_COMUNA,CODIGO_COMUNA,COMUNA,REGION_ID_REGION) values ('107','06302','CHÉPICA','6');
Insert into TURISMO_REAL.COMUNA (ID_COMUNA,CODIGO_COMUNA,COMUNA,REGION_ID_REGION) values ('108','06303','CHIMBARONGO','6');
Insert into TURISMO_REAL.COMUNA (ID_COMUNA,CODIGO_COMUNA,COMUNA,REGION_ID_REGION) values ('109','06304','LOLOL','6');
Insert into TURISMO_REAL.COMUNA (ID_COMUNA,CODIGO_COMUNA,COMUNA,REGION_ID_REGION) values ('110','06305','NANCAGUA','6');
Insert into TURISMO_REAL.COMUNA (ID_COMUNA,CODIGO_COMUNA,COMUNA,REGION_ID_REGION) values ('111','06306','PALMILLA','6');
Insert into TURISMO_REAL.COMUNA (ID_COMUNA,CODIGO_COMUNA,COMUNA,REGION_ID_REGION) values ('112','06307','PERALILLO','6');
Insert into TURISMO_REAL.COMUNA (ID_COMUNA,CODIGO_COMUNA,COMUNA,REGION_ID_REGION) values ('113','06308','PLACILLA','6');
Insert into TURISMO_REAL.COMUNA (ID_COMUNA,CODIGO_COMUNA,COMUNA,REGION_ID_REGION) values ('114','06309','PUMANQUE','6');
Insert into TURISMO_REAL.COMUNA (ID_COMUNA,CODIGO_COMUNA,COMUNA,REGION_ID_REGION) values ('115','06310','SANTA CRUZ','6');
Insert into TURISMO_REAL.COMUNA (ID_COMUNA,CODIGO_COMUNA,COMUNA,REGION_ID_REGION) values ('116','07101','TALCA','7');
Insert into TURISMO_REAL.COMUNA (ID_COMUNA,CODIGO_COMUNA,COMUNA,REGION_ID_REGION) values ('117','07102','CONSTITUCIÓN','7');
Insert into TURISMO_REAL.COMUNA (ID_COMUNA,CODIGO_COMUNA,COMUNA,REGION_ID_REGION) values ('118','07103','CUREPTO','7');
Insert into TURISMO_REAL.COMUNA (ID_COMUNA,CODIGO_COMUNA,COMUNA,REGION_ID_REGION) values ('119','07104','EMPEDRADO','7');
Insert into TURISMO_REAL.COMUNA (ID_COMUNA,CODIGO_COMUNA,COMUNA,REGION_ID_REGION) values ('120','07105','MAULE','7');
Insert into TURISMO_REAL.COMUNA (ID_COMUNA,CODIGO_COMUNA,COMUNA,REGION_ID_REGION) values ('121','07106','PELARCO','7');
Insert into TURISMO_REAL.COMUNA (ID_COMUNA,CODIGO_COMUNA,COMUNA,REGION_ID_REGION) values ('122','07107','PENCAHUE','7');
Insert into TURISMO_REAL.COMUNA (ID_COMUNA,CODIGO_COMUNA,COMUNA,REGION_ID_REGION) values ('123','07108','RÍO CLARO','7');
Insert into TURISMO_REAL.COMUNA (ID_COMUNA,CODIGO_COMUNA,COMUNA,REGION_ID_REGION) values ('124','07109','SAN CLEMENTE','7');
Insert into TURISMO_REAL.COMUNA (ID_COMUNA,CODIGO_COMUNA,COMUNA,REGION_ID_REGION) values ('125','07110','SAN RAFAEL','7');
Insert into TURISMO_REAL.COMUNA (ID_COMUNA,CODIGO_COMUNA,COMUNA,REGION_ID_REGION) values ('126','07201','CAUQUENES','7');
Insert into TURISMO_REAL.COMUNA (ID_COMUNA,CODIGO_COMUNA,COMUNA,REGION_ID_REGION) values ('127','07202','CHANCO','7');
Insert into TURISMO_REAL.COMUNA (ID_COMUNA,CODIGO_COMUNA,COMUNA,REGION_ID_REGION) values ('128','07203','PELLUHUE','7');
Insert into TURISMO_REAL.COMUNA (ID_COMUNA,CODIGO_COMUNA,COMUNA,REGION_ID_REGION) values ('129','07301','CURICÓ','7');
Insert into TURISMO_REAL.COMUNA (ID_COMUNA,CODIGO_COMUNA,COMUNA,REGION_ID_REGION) values ('130','07302','HUALAÑÉ','7');
Insert into TURISMO_REAL.COMUNA (ID_COMUNA,CODIGO_COMUNA,COMUNA,REGION_ID_REGION) values ('131','07303','LICANTÉN','7');
Insert into TURISMO_REAL.COMUNA (ID_COMUNA,CODIGO_COMUNA,COMUNA,REGION_ID_REGION) values ('132','07304','MOLINA','7');
Insert into TURISMO_REAL.COMUNA (ID_COMUNA,CODIGO_COMUNA,COMUNA,REGION_ID_REGION) values ('133','07305','RAUCO','7');
Insert into TURISMO_REAL.COMUNA (ID_COMUNA,CODIGO_COMUNA,COMUNA,REGION_ID_REGION) values ('134','07306','ROMERAL','7');
Insert into TURISMO_REAL.COMUNA (ID_COMUNA,CODIGO_COMUNA,COMUNA,REGION_ID_REGION) values ('135','07307','SAGRADA FAMILIA','7');
Insert into TURISMO_REAL.COMUNA (ID_COMUNA,CODIGO_COMUNA,COMUNA,REGION_ID_REGION) values ('136','07308','TENO','7');
Insert into TURISMO_REAL.COMUNA (ID_COMUNA,CODIGO_COMUNA,COMUNA,REGION_ID_REGION) values ('137','07309','VICHUQUÉN','7');
Insert into TURISMO_REAL.COMUNA (ID_COMUNA,CODIGO_COMUNA,COMUNA,REGION_ID_REGION) values ('138','07401','LINARES','7');
Insert into TURISMO_REAL.COMUNA (ID_COMUNA,CODIGO_COMUNA,COMUNA,REGION_ID_REGION) values ('139','07402','COLBÚN','7');
Insert into TURISMO_REAL.COMUNA (ID_COMUNA,CODIGO_COMUNA,COMUNA,REGION_ID_REGION) values ('140','07403','LONGAVÍ','7');
Insert into TURISMO_REAL.COMUNA (ID_COMUNA,CODIGO_COMUNA,COMUNA,REGION_ID_REGION) values ('141','07404','PARRAL','7');
Insert into TURISMO_REAL.COMUNA (ID_COMUNA,CODIGO_COMUNA,COMUNA,REGION_ID_REGION) values ('142','07405','RETIRO','7');
Insert into TURISMO_REAL.COMUNA (ID_COMUNA,CODIGO_COMUNA,COMUNA,REGION_ID_REGION) values ('143','07406','SAN JAVIER','7');
Insert into TURISMO_REAL.COMUNA (ID_COMUNA,CODIGO_COMUNA,COMUNA,REGION_ID_REGION) values ('144','07407','VILLA ALEGRE','7');
Insert into TURISMO_REAL.COMUNA (ID_COMUNA,CODIGO_COMUNA,COMUNA,REGION_ID_REGION) values ('145','07408','YERBAS BUENAS','7');
Insert into TURISMO_REAL.COMUNA (ID_COMUNA,CODIGO_COMUNA,COMUNA,REGION_ID_REGION) values ('146','08101','CONCEPCIÓN','8');
Insert into TURISMO_REAL.COMUNA (ID_COMUNA,CODIGO_COMUNA,COMUNA,REGION_ID_REGION) values ('147','08102','CORONEL','8');
Insert into TURISMO_REAL.COMUNA (ID_COMUNA,CODIGO_COMUNA,COMUNA,REGION_ID_REGION) values ('148','08103','CHIGUAYANTE','8');
Insert into TURISMO_REAL.COMUNA (ID_COMUNA,CODIGO_COMUNA,COMUNA,REGION_ID_REGION) values ('149','08104','FLORIDA','8');
Insert into TURISMO_REAL.COMUNA (ID_COMUNA,CODIGO_COMUNA,COMUNA,REGION_ID_REGION) values ('150','08105','HUALQUI','8');
Insert into TURISMO_REAL.COMUNA (ID_COMUNA,CODIGO_COMUNA,COMUNA,REGION_ID_REGION) values ('151','08106','LOTA','8');
Insert into TURISMO_REAL.COMUNA (ID_COMUNA,CODIGO_COMUNA,COMUNA,REGION_ID_REGION) values ('152','08107','PENCO','8');
Insert into TURISMO_REAL.COMUNA (ID_COMUNA,CODIGO_COMUNA,COMUNA,REGION_ID_REGION) values ('153','08108','SAN PEDRO DE LA PAZ','8');
Insert into TURISMO_REAL.COMUNA (ID_COMUNA,CODIGO_COMUNA,COMUNA,REGION_ID_REGION) values ('154','08109','SANTA JUANA','8');
Insert into TURISMO_REAL.COMUNA (ID_COMUNA,CODIGO_COMUNA,COMUNA,REGION_ID_REGION) values ('155','08110','TALCAHUANO','8');
Insert into TURISMO_REAL.COMUNA (ID_COMUNA,CODIGO_COMUNA,COMUNA,REGION_ID_REGION) values ('156','08111','TOMÉ','8');
Insert into TURISMO_REAL.COMUNA (ID_COMUNA,CODIGO_COMUNA,COMUNA,REGION_ID_REGION) values ('157','08112','HUALPÉN','8');
Insert into TURISMO_REAL.COMUNA (ID_COMUNA,CODIGO_COMUNA,COMUNA,REGION_ID_REGION) values ('158','08201','LEBU','8');
Insert into TURISMO_REAL.COMUNA (ID_COMUNA,CODIGO_COMUNA,COMUNA,REGION_ID_REGION) values ('159','08202','ARAUCO','8');
Insert into TURISMO_REAL.COMUNA (ID_COMUNA,CODIGO_COMUNA,COMUNA,REGION_ID_REGION) values ('160','08203','CAÑETE','8');
Insert into TURISMO_REAL.COMUNA (ID_COMUNA,CODIGO_COMUNA,COMUNA,REGION_ID_REGION) values ('161','08204','CONTULMO','8');
Insert into TURISMO_REAL.COMUNA (ID_COMUNA,CODIGO_COMUNA,COMUNA,REGION_ID_REGION) values ('162','08205','CURANILAHUE','8');
Insert into TURISMO_REAL.COMUNA (ID_COMUNA,CODIGO_COMUNA,COMUNA,REGION_ID_REGION) values ('163','08206','LOS ALAMOS','8');
Insert into TURISMO_REAL.COMUNA (ID_COMUNA,CODIGO_COMUNA,COMUNA,REGION_ID_REGION) values ('164','08207','TIRÚA','8');
Insert into TURISMO_REAL.COMUNA (ID_COMUNA,CODIGO_COMUNA,COMUNA,REGION_ID_REGION) values ('165','08301','LOS ANGELES','8');
Insert into TURISMO_REAL.COMUNA (ID_COMUNA,CODIGO_COMUNA,COMUNA,REGION_ID_REGION) values ('166','08302','ANTUCO','8');
Insert into TURISMO_REAL.COMUNA (ID_COMUNA,CODIGO_COMUNA,COMUNA,REGION_ID_REGION) values ('167','08303','CABRERO','8');
Insert into TURISMO_REAL.COMUNA (ID_COMUNA,CODIGO_COMUNA,COMUNA,REGION_ID_REGION) values ('168','08304','LAJA','8');
Insert into TURISMO_REAL.COMUNA (ID_COMUNA,CODIGO_COMUNA,COMUNA,REGION_ID_REGION) values ('169','08305','MULCHÉN','8');
Insert into TURISMO_REAL.COMUNA (ID_COMUNA,CODIGO_COMUNA,COMUNA,REGION_ID_REGION) values ('170','08306','NACIMIENTO','8');
Insert into TURISMO_REAL.COMUNA (ID_COMUNA,CODIGO_COMUNA,COMUNA,REGION_ID_REGION) values ('171','08307','NEGRETE','8');
Insert into TURISMO_REAL.COMUNA (ID_COMUNA,CODIGO_COMUNA,COMUNA,REGION_ID_REGION) values ('172','08308','QUILACO','8');
Insert into TURISMO_REAL.COMUNA (ID_COMUNA,CODIGO_COMUNA,COMUNA,REGION_ID_REGION) values ('173','08309','QUILLECO','8');
Insert into TURISMO_REAL.COMUNA (ID_COMUNA,CODIGO_COMUNA,COMUNA,REGION_ID_REGION) values ('174','08310','SAN ROSENDO','8');
Insert into TURISMO_REAL.COMUNA (ID_COMUNA,CODIGO_COMUNA,COMUNA,REGION_ID_REGION) values ('175','08311','SANTA BÁRBARA','8');
Insert into TURISMO_REAL.COMUNA (ID_COMUNA,CODIGO_COMUNA,COMUNA,REGION_ID_REGION) values ('176','08312','TUCAPEL','8');
Insert into TURISMO_REAL.COMUNA (ID_COMUNA,CODIGO_COMUNA,COMUNA,REGION_ID_REGION) values ('177','08313','YUMBEL','8');
Insert into TURISMO_REAL.COMUNA (ID_COMUNA,CODIGO_COMUNA,COMUNA,REGION_ID_REGION) values ('178','08314','ALTO BIOBÍO','8');
Insert into TURISMO_REAL.COMUNA (ID_COMUNA,CODIGO_COMUNA,COMUNA,REGION_ID_REGION) values ('179','08401','CHILLÁN','16');
Insert into TURISMO_REAL.COMUNA (ID_COMUNA,CODIGO_COMUNA,COMUNA,REGION_ID_REGION) values ('180','08402','BULNES','16');
Insert into TURISMO_REAL.COMUNA (ID_COMUNA,CODIGO_COMUNA,COMUNA,REGION_ID_REGION) values ('181','08403','COBQUECURA','16');
Insert into TURISMO_REAL.COMUNA (ID_COMUNA,CODIGO_COMUNA,COMUNA,REGION_ID_REGION) values ('182','08404','COELEMU','16');
Insert into TURISMO_REAL.COMUNA (ID_COMUNA,CODIGO_COMUNA,COMUNA,REGION_ID_REGION) values ('183','08405','COIHUECO','16');
Insert into TURISMO_REAL.COMUNA (ID_COMUNA,CODIGO_COMUNA,COMUNA,REGION_ID_REGION) values ('184','08406','CHILLÁN VIEJO','16');
Insert into TURISMO_REAL.COMUNA (ID_COMUNA,CODIGO_COMUNA,COMUNA,REGION_ID_REGION) values ('185','08407','EL CARMEN','16');
Insert into TURISMO_REAL.COMUNA (ID_COMUNA,CODIGO_COMUNA,COMUNA,REGION_ID_REGION) values ('186','08408','NINHUE','16');
Insert into TURISMO_REAL.COMUNA (ID_COMUNA,CODIGO_COMUNA,COMUNA,REGION_ID_REGION) values ('187','08409','ÑIQUÉN','16');
Insert into TURISMO_REAL.COMUNA (ID_COMUNA,CODIGO_COMUNA,COMUNA,REGION_ID_REGION) values ('188','08410','PEMUCO','16');
Insert into TURISMO_REAL.COMUNA (ID_COMUNA,CODIGO_COMUNA,COMUNA,REGION_ID_REGION) values ('189','08411','PINTO','16');
Insert into TURISMO_REAL.COMUNA (ID_COMUNA,CODIGO_COMUNA,COMUNA,REGION_ID_REGION) values ('190','08412','PORTEZUELO','16');
Insert into TURISMO_REAL.COMUNA (ID_COMUNA,CODIGO_COMUNA,COMUNA,REGION_ID_REGION) values ('191','08413','QUILLÓN','16');
Insert into TURISMO_REAL.COMUNA (ID_COMUNA,CODIGO_COMUNA,COMUNA,REGION_ID_REGION) values ('192','08414','QUIRIHUE','16');
Insert into TURISMO_REAL.COMUNA (ID_COMUNA,CODIGO_COMUNA,COMUNA,REGION_ID_REGION) values ('193','08415','RÁNQUIL','16');
Insert into TURISMO_REAL.COMUNA (ID_COMUNA,CODIGO_COMUNA,COMUNA,REGION_ID_REGION) values ('194','08416','SAN CARLOS','16');
Insert into TURISMO_REAL.COMUNA (ID_COMUNA,CODIGO_COMUNA,COMUNA,REGION_ID_REGION) values ('195','08417','SAN FABIÁN','16');
Insert into TURISMO_REAL.COMUNA (ID_COMUNA,CODIGO_COMUNA,COMUNA,REGION_ID_REGION) values ('196','08418','SAN IGNACIO','16');
Insert into TURISMO_REAL.COMUNA (ID_COMUNA,CODIGO_COMUNA,COMUNA,REGION_ID_REGION) values ('197','08419','SAN NICOLÁS','16');
Insert into TURISMO_REAL.COMUNA (ID_COMUNA,CODIGO_COMUNA,COMUNA,REGION_ID_REGION) values ('198','08420','TREGUACO','16');
Insert into TURISMO_REAL.COMUNA (ID_COMUNA,CODIGO_COMUNA,COMUNA,REGION_ID_REGION) values ('199','08421','YUNGAY','16');
Insert into TURISMO_REAL.COMUNA (ID_COMUNA,CODIGO_COMUNA,COMUNA,REGION_ID_REGION) values ('200','09101','TEMUCO','9');
Insert into TURISMO_REAL.COMUNA (ID_COMUNA,CODIGO_COMUNA,COMUNA,REGION_ID_REGION) values ('201','09102','CARAHUE','9');
Insert into TURISMO_REAL.COMUNA (ID_COMUNA,CODIGO_COMUNA,COMUNA,REGION_ID_REGION) values ('202','09103','CUNCO','9');
Insert into TURISMO_REAL.COMUNA (ID_COMUNA,CODIGO_COMUNA,COMUNA,REGION_ID_REGION) values ('203','09104','CURARREHUE','9');
Insert into TURISMO_REAL.COMUNA (ID_COMUNA,CODIGO_COMUNA,COMUNA,REGION_ID_REGION) values ('204','09105','FREIRE','9');
Insert into TURISMO_REAL.COMUNA (ID_COMUNA,CODIGO_COMUNA,COMUNA,REGION_ID_REGION) values ('205','09106','GALVARINO','9');
Insert into TURISMO_REAL.COMUNA (ID_COMUNA,CODIGO_COMUNA,COMUNA,REGION_ID_REGION) values ('206','09107','GORBEA','9');
Insert into TURISMO_REAL.COMUNA (ID_COMUNA,CODIGO_COMUNA,COMUNA,REGION_ID_REGION) values ('207','09108','LAUTARO','9');
Insert into TURISMO_REAL.COMUNA (ID_COMUNA,CODIGO_COMUNA,COMUNA,REGION_ID_REGION) values ('208','09109','LONCOCHE','9');
Insert into TURISMO_REAL.COMUNA (ID_COMUNA,CODIGO_COMUNA,COMUNA,REGION_ID_REGION) values ('209','09110','MELIPEUCO','9');
Insert into TURISMO_REAL.COMUNA (ID_COMUNA,CODIGO_COMUNA,COMUNA,REGION_ID_REGION) values ('210','09111','NUEVA IMPERIAL','9');
Insert into TURISMO_REAL.COMUNA (ID_COMUNA,CODIGO_COMUNA,COMUNA,REGION_ID_REGION) values ('211','09112','PADRE LAS CASAS','9');
Insert into TURISMO_REAL.COMUNA (ID_COMUNA,CODIGO_COMUNA,COMUNA,REGION_ID_REGION) values ('212','09113','PERQUENCO','9');
Insert into TURISMO_REAL.COMUNA (ID_COMUNA,CODIGO_COMUNA,COMUNA,REGION_ID_REGION) values ('213','09114','PITRUFQUÉN','9');
Insert into TURISMO_REAL.COMUNA (ID_COMUNA,CODIGO_COMUNA,COMUNA,REGION_ID_REGION) values ('214','09115','PUCÓN','9');
Insert into TURISMO_REAL.COMUNA (ID_COMUNA,CODIGO_COMUNA,COMUNA,REGION_ID_REGION) values ('215','09116','SAAVEDRA','9');
Insert into TURISMO_REAL.COMUNA (ID_COMUNA,CODIGO_COMUNA,COMUNA,REGION_ID_REGION) values ('216','09117','TEODORO SCHMIDT','9');
Insert into TURISMO_REAL.COMUNA (ID_COMUNA,CODIGO_COMUNA,COMUNA,REGION_ID_REGION) values ('217','09118','TOLTÉN','9');
Insert into TURISMO_REAL.COMUNA (ID_COMUNA,CODIGO_COMUNA,COMUNA,REGION_ID_REGION) values ('218','09119','VILCÚN','9');
Insert into TURISMO_REAL.COMUNA (ID_COMUNA,CODIGO_COMUNA,COMUNA,REGION_ID_REGION) values ('219','09120','VILLARRICA','9');
Insert into TURISMO_REAL.COMUNA (ID_COMUNA,CODIGO_COMUNA,COMUNA,REGION_ID_REGION) values ('220','09121','CHOLCHOL','9');
Insert into TURISMO_REAL.COMUNA (ID_COMUNA,CODIGO_COMUNA,COMUNA,REGION_ID_REGION) values ('221','09201','ANGOL','9');
Insert into TURISMO_REAL.COMUNA (ID_COMUNA,CODIGO_COMUNA,COMUNA,REGION_ID_REGION) values ('222','09202','COLLIPULLI','9');
Insert into TURISMO_REAL.COMUNA (ID_COMUNA,CODIGO_COMUNA,COMUNA,REGION_ID_REGION) values ('223','09203','CURACAUTÍN','9');
Insert into TURISMO_REAL.COMUNA (ID_COMUNA,CODIGO_COMUNA,COMUNA,REGION_ID_REGION) values ('224','09204','ERCILLA','9');
Insert into TURISMO_REAL.COMUNA (ID_COMUNA,CODIGO_COMUNA,COMUNA,REGION_ID_REGION) values ('225','09205','LONQUIMAY','9');
Insert into TURISMO_REAL.COMUNA (ID_COMUNA,CODIGO_COMUNA,COMUNA,REGION_ID_REGION) values ('226','09206','LOS SAUCES','9');
Insert into TURISMO_REAL.COMUNA (ID_COMUNA,CODIGO_COMUNA,COMUNA,REGION_ID_REGION) values ('227','09207','LUMACO','9');
Insert into TURISMO_REAL.COMUNA (ID_COMUNA,CODIGO_COMUNA,COMUNA,REGION_ID_REGION) values ('228','09208','PURÉN','9');
Insert into TURISMO_REAL.COMUNA (ID_COMUNA,CODIGO_COMUNA,COMUNA,REGION_ID_REGION) values ('229','09209','RENAICO','9');
Insert into TURISMO_REAL.COMUNA (ID_COMUNA,CODIGO_COMUNA,COMUNA,REGION_ID_REGION) values ('230','09210','TRAIGUÉN','9');
Insert into TURISMO_REAL.COMUNA (ID_COMUNA,CODIGO_COMUNA,COMUNA,REGION_ID_REGION) values ('231','09211','VICTORIA','9');
Insert into TURISMO_REAL.COMUNA (ID_COMUNA,CODIGO_COMUNA,COMUNA,REGION_ID_REGION) values ('232','14101','VALDIVIA','14');
Insert into TURISMO_REAL.COMUNA (ID_COMUNA,CODIGO_COMUNA,COMUNA,REGION_ID_REGION) values ('233','14102','CORRAL','14');
Insert into TURISMO_REAL.COMUNA (ID_COMUNA,CODIGO_COMUNA,COMUNA,REGION_ID_REGION) values ('234','14103','LANCO','14');
Insert into TURISMO_REAL.COMUNA (ID_COMUNA,CODIGO_COMUNA,COMUNA,REGION_ID_REGION) values ('235','14104','LOS LAGOS','14');
Insert into TURISMO_REAL.COMUNA (ID_COMUNA,CODIGO_COMUNA,COMUNA,REGION_ID_REGION) values ('236','14105','MÁFIL','14');
Insert into TURISMO_REAL.COMUNA (ID_COMUNA,CODIGO_COMUNA,COMUNA,REGION_ID_REGION) values ('237','14106','MARIQUINA','14');
Insert into TURISMO_REAL.COMUNA (ID_COMUNA,CODIGO_COMUNA,COMUNA,REGION_ID_REGION) values ('238','14107','PAILLACO 1','14');
Insert into TURISMO_REAL.COMUNA (ID_COMUNA,CODIGO_COMUNA,COMUNA,REGION_ID_REGION) values ('239','14108','PANGUIPULLI','14');
Insert into TURISMO_REAL.COMUNA (ID_COMUNA,CODIGO_COMUNA,COMUNA,REGION_ID_REGION) values ('240','14201','LA UNIÓN','14');
Insert into TURISMO_REAL.COMUNA (ID_COMUNA,CODIGO_COMUNA,COMUNA,REGION_ID_REGION) values ('241','14202','FUTRONO','14');
Insert into TURISMO_REAL.COMUNA (ID_COMUNA,CODIGO_COMUNA,COMUNA,REGION_ID_REGION) values ('242','14203','LAGO RANCO','14');
Insert into TURISMO_REAL.COMUNA (ID_COMUNA,CODIGO_COMUNA,COMUNA,REGION_ID_REGION) values ('243','14204','RÍO BUENO','14');
Insert into TURISMO_REAL.COMUNA (ID_COMUNA,CODIGO_COMUNA,COMUNA,REGION_ID_REGION) values ('244','10101','PUERTO MONTT','10');
Insert into TURISMO_REAL.COMUNA (ID_COMUNA,CODIGO_COMUNA,COMUNA,REGION_ID_REGION) values ('245','10102','CALBUCO','10');
Insert into TURISMO_REAL.COMUNA (ID_COMUNA,CODIGO_COMUNA,COMUNA,REGION_ID_REGION) values ('246','10103','COCHAMÓ','10');
Insert into TURISMO_REAL.COMUNA (ID_COMUNA,CODIGO_COMUNA,COMUNA,REGION_ID_REGION) values ('247','10104','FRESIA','10');
Insert into TURISMO_REAL.COMUNA (ID_COMUNA,CODIGO_COMUNA,COMUNA,REGION_ID_REGION) values ('248','10105','FRUTILLAR','10');
Insert into TURISMO_REAL.COMUNA (ID_COMUNA,CODIGO_COMUNA,COMUNA,REGION_ID_REGION) values ('249','10106','LOS MUERMOS','10');
Insert into TURISMO_REAL.COMUNA (ID_COMUNA,CODIGO_COMUNA,COMUNA,REGION_ID_REGION) values ('250','10107','LLANQUIHUE','10');
Insert into TURISMO_REAL.COMUNA (ID_COMUNA,CODIGO_COMUNA,COMUNA,REGION_ID_REGION) values ('251','10108','MAULLÍN','10');
Insert into TURISMO_REAL.COMUNA (ID_COMUNA,CODIGO_COMUNA,COMUNA,REGION_ID_REGION) values ('252','10109','PUERTO VARAS','10');
Insert into TURISMO_REAL.COMUNA (ID_COMUNA,CODIGO_COMUNA,COMUNA,REGION_ID_REGION) values ('253','10201','CASTRO','10');
Insert into TURISMO_REAL.COMUNA (ID_COMUNA,CODIGO_COMUNA,COMUNA,REGION_ID_REGION) values ('254','10202','ANCUD','10');
Insert into TURISMO_REAL.COMUNA (ID_COMUNA,CODIGO_COMUNA,COMUNA,REGION_ID_REGION) values ('255','10203','CHONCHI','10');
Insert into TURISMO_REAL.COMUNA (ID_COMUNA,CODIGO_COMUNA,COMUNA,REGION_ID_REGION) values ('256','10204','CURACO DE VÉLEZ','10');
Insert into TURISMO_REAL.COMUNA (ID_COMUNA,CODIGO_COMUNA,COMUNA,REGION_ID_REGION) values ('257','10205','DALCAHUE','10');
Insert into TURISMO_REAL.COMUNA (ID_COMUNA,CODIGO_COMUNA,COMUNA,REGION_ID_REGION) values ('258','10206','PUQUELDÓN','10');
Insert into TURISMO_REAL.COMUNA (ID_COMUNA,CODIGO_COMUNA,COMUNA,REGION_ID_REGION) values ('259','10207','QUEILÉN','10');
Insert into TURISMO_REAL.COMUNA (ID_COMUNA,CODIGO_COMUNA,COMUNA,REGION_ID_REGION) values ('260','10208','QUELLÓN','10');
Insert into TURISMO_REAL.COMUNA (ID_COMUNA,CODIGO_COMUNA,COMUNA,REGION_ID_REGION) values ('261','10209','QUEMCHI','10');
Insert into TURISMO_REAL.COMUNA (ID_COMUNA,CODIGO_COMUNA,COMUNA,REGION_ID_REGION) values ('262','10210','QUINCHAO','10');
Insert into TURISMO_REAL.COMUNA (ID_COMUNA,CODIGO_COMUNA,COMUNA,REGION_ID_REGION) values ('263','10301','OSORNO','10');
Insert into TURISMO_REAL.COMUNA (ID_COMUNA,CODIGO_COMUNA,COMUNA,REGION_ID_REGION) values ('264','10302','PUERTO OCTAY','10');
Insert into TURISMO_REAL.COMUNA (ID_COMUNA,CODIGO_COMUNA,COMUNA,REGION_ID_REGION) values ('265','10303','PURRANQUE','10');
Insert into TURISMO_REAL.COMUNA (ID_COMUNA,CODIGO_COMUNA,COMUNA,REGION_ID_REGION) values ('266','10304','PUYEHUE','10');
REM INSERTING into TURISMO_REAL.DEPARTAMENTO
SET DEFINE OFF;
Insert into TURISMO_REAL.DEPARTAMENTO (ID_DEPARTAMENTO,PRECIO_COSTO,VALOR_ARRIENDO,DEPARTAMENTO,ID_ESTADO_DEPARTAMENTO,ID_EMPLEADO,CREATED_AT,UPDATED_AT,DELETED_AT,DELETED,CANTIDAD_RESERVAS,FLG_NUEVO,FLG_DESTACADO,ID_SUCURSAL,CANTIDAD_HUESPEDES,URL_DEPARTAMENTO,DESCRIPCION_CORTA,DESCRIPCION_GENERAL) values ('1','38000000','65000','TEST','1','2',to_timestamp('20/11/22 21:23:00,000000000','DD/MM/RR HH24:MI:SSXFF'),to_timestamp('20/11/22 21:23:00,000000000','DD/MM/RR HH24:MI:SSXFF'),null,'N',null,'Y','N','1','5','test','Departamento de prueba','Esta es la prueba general');
REM INSERTING into TURISMO_REAL.DEPARTAMENTO_ACCESORIO
SET DEFINE OFF;
REM INSERTING into TURISMO_REAL.EMPLEADO
SET DEFINE OFF;
Insert into TURISMO_REAL.EMPLEADO (ID_EMPLEADO,DNI,NOMBRE,APELLIDO,FECHA_NACIMIENTO,EMAIL,ID_CARGO,ID_USUARIO,ESTADO,UPDATED_AT,CREATED_AT,DELETED_AT,DELETED,CELULAR) values ('1','19513322-0','Equipo Rocket','Portafolio',to_date('11/11/22','DD/MM/RR'),'contacto@designwebirg.com','1','2','Y',to_timestamp('24/11/22 02:04:14,000000000','DD/MM/RR HH24:MI:SSXFF'),to_timestamp('05/09/22 01:37:43,268280000','DD/MM/RR HH24:MI:SSXFF'),null,'N',null);
Insert into TURISMO_REAL.EMPLEADO (ID_EMPLEADO,DNI,NOMBRE,APELLIDO,FECHA_NACIMIENTO,EMAIL,ID_CARGO,ID_USUARIO,ESTADO,UPDATED_AT,CREATED_AT,DELETED_AT,DELETED,CELULAR) values ('2',null,'Bastian','Rodriguez',to_date('14/05/60','DD/MM/RR'),'contacto3@designwebirg.com','2','4','Y',to_timestamp('20/11/22 21:22:22,000000000','DD/MM/RR HH24:MI:SSXFF'),to_timestamp('20/11/22 21:22:22,000000000','DD/MM/RR HH24:MI:SSXFF'),null,'N',null);
REM INSERTING into TURISMO_REAL.EMPLEADO_SUCURSAL
SET DEFINE OFF;
Insert into TURISMO_REAL.EMPLEADO_SUCURSAL (ID,ID_SUCURSAL,ID_EMPLEADO,CREATED_AT,UPDATED_AT) values ('1','1','2',to_timestamp('20/11/22 21:22:22,000000000','DD/MM/RR HH24:MI:SSXFF'),to_timestamp('20/11/22 21:22:22,000000000','DD/MM/RR HH24:MI:SSXFF'));
REM INSERTING into TURISMO_REAL.ESTADO_DEPARTAMENTO
SET DEFINE OFF;
Insert into TURISMO_REAL.ESTADO_DEPARTAMENTO (ID_ESTADO_DEPARTAMENTO,ESTADO_DEPARTAMENTO,DESCRIPCION,CREATED_AT,PERMITE_RESERVAR,BADGE,MOSTRAR_WEB) values ('1','OPERATIVO',null,null,'Y','success','Y');
Insert into TURISMO_REAL.ESTADO_DEPARTAMENTO (ID_ESTADO_DEPARTAMENTO,ESTADO_DEPARTAMENTO,DESCRIPCION,CREATED_AT,PERMITE_RESERVAR,BADGE,MOSTRAR_WEB) values ('2','EN MANTENCIÓN',null,null,'N','info','Y');
Insert into TURISMO_REAL.ESTADO_DEPARTAMENTO (ID_ESTADO_DEPARTAMENTO,ESTADO_DEPARTAMENTO,DESCRIPCION,CREATED_AT,PERMITE_RESERVAR,BADGE,MOSTRAR_WEB) values ('3','DADO DE BAJA',null,null,'N','danger','N');
REM INSERTING into TURISMO_REAL.ESTADO_RESERVA
SET DEFINE OFF;
Insert into TURISMO_REAL.ESTADO_RESERVA (ID_ESTADO_RESERVA,ESTADO_RESERVA,DESCRIPCION,CREATED_AT) values ('1','EN CURSO','CLIENTE ESTÁ GESTIONANDO RESERVA',null);
Insert into TURISMO_REAL.ESTADO_RESERVA (ID_ESTADO_RESERVA,ESTADO_RESERVA,DESCRIPCION,CREATED_AT) values ('2','PENDIENTE','CLIENTE AÚN NO CONFIRMA RESERVA',null);
Insert into TURISMO_REAL.ESTADO_RESERVA (ID_ESTADO_RESERVA,ESTADO_RESERVA,DESCRIPCION,CREATED_AT) values ('3','PENDIENTE CHECK IN ',null,null);
Insert into TURISMO_REAL.ESTADO_RESERVA (ID_ESTADO_RESERVA,ESTADO_RESERVA,DESCRIPCION,CREATED_AT) values ('4','PENDIENTE CHECK OUT',null,null);
Insert into TURISMO_REAL.ESTADO_RESERVA (ID_ESTADO_RESERVA,ESTADO_RESERVA,DESCRIPCION,CREATED_AT) values ('5','FINALIZADA',null,null);
Insert into TURISMO_REAL.ESTADO_RESERVA (ID_ESTADO_RESERVA,ESTADO_RESERVA,DESCRIPCION,CREATED_AT) values ('6','CANCELADA',null,null);
REM INSERTING into TURISMO_REAL.HUESPED
SET DEFINE OFF;
REM INSERTING into TURISMO_REAL.HUESPED_RESERVA
SET DEFINE OFF;
REM INSERTING into TURISMO_REAL.MOVIMIENTO_CAJA
SET DEFINE OFF;
Insert into TURISMO_REAL.MOVIMIENTO_CAJA (ID_MOVIMIENTO_CAJA,ORIGEN,TOTAL,NRO_RESERVA,ID_TIPO_MOVIMIENTO_CAJA,CREATED_AT,ID_USUARIO,UPDATED_AT) values ('21','RESERVA','80000','21','1',to_timestamp('24/11/22 02:47:50,000000000','DD/MM/RR HH24:MI:SSXFF'),'1',to_timestamp('24/11/22 02:47:50,000000000','DD/MM/RR HH24:MI:SSXFF'));
REM INSERTING into TURISMO_REAL.MOVIMIENTO_INVENTARIO
SET DEFINE OFF;
REM INSERTING into TURISMO_REAL.MULTA
SET DEFINE OFF;
Insert into TURISMO_REAL.MULTA (ID_MULTA,MULTA,MONTO,ESTADO,CREATED_AT,UPDATED_AT,DELETED,DELETED_AT,ID_TIPO_MULTA) values ('1','Fuera de Horario','50000','Y',to_timestamp('23/11/22 23:09:55,000000000','DD/MM/RR HH24:MI:SSXFF'),to_timestamp('23/11/22 23:10:49,000000000','DD/MM/RR HH24:MI:SSXFF'),'N',null,'1');
REM INSERTING into TURISMO_REAL.PASO_RESERVA
SET DEFINE OFF;
Insert into TURISMO_REAL.PASO_RESERVA (ID_PASO_RESERVA,PASO_RESERVA,DESCRIPCION,CREATED_AT) values ('1','SELECCION DE FECHA DEPARTAMENTO',null,to_timestamp('22/10/22 11:39:16,975967000','DD/MM/RR HH24:MI:SSXFF'));
Insert into TURISMO_REAL.PASO_RESERVA (ID_PASO_RESERVA,PASO_RESERVA,DESCRIPCION,CREATED_AT) values ('2','SELECCION SERVICIOS',null,to_timestamp('22/10/22 11:39:21,635222000','DD/MM/RR HH24:MI:SSXFF'));
Insert into TURISMO_REAL.PASO_RESERVA (ID_PASO_RESERVA,PASO_RESERVA,DESCRIPCION,CREATED_AT) values ('3','PROCESO DE PAGO',null,to_timestamp('22/10/22 11:39:24,570211000','DD/MM/RR HH24:MI:SSXFF'));
Insert into TURISMO_REAL.PASO_RESERVA (ID_PASO_RESERVA,PASO_RESERVA,DESCRIPCION,CREATED_AT) values ('4','PAGO COMPLETADO',null,to_timestamp('22/10/22 11:39:27,578842000','DD/MM/RR HH24:MI:SSXFF'));
REM INSERTING into TURISMO_REAL.REGION
SET DEFINE OFF;
Insert into TURISMO_REAL.REGION (ID_REGION,NOMBRE,NOMBRE_LARGO,CREATED_AT) values ('16','ÑUBLE','REGIÓN DEL ÑUBLE',to_timestamp('05/09/22 05:34:18,000000000','DD/MM/RR HH24:MI:SSXFF'));
Insert into TURISMO_REAL.REGION (ID_REGION,NOMBRE,NOMBRE_LARGO,CREATED_AT) values ('1','TARAPACA','REGIÓN DE TARAPACÁ',to_timestamp('05/09/22 05:34:18,000000000','DD/MM/RR HH24:MI:SSXFF'));
Insert into TURISMO_REAL.REGION (ID_REGION,NOMBRE,NOMBRE_LARGO,CREATED_AT) values ('2','ANTOFAGASTA','REGIÓN DE ANTOFAGASTA',to_timestamp('05/09/22 05:34:18,000000000','DD/MM/RR HH24:MI:SSXFF'));
Insert into TURISMO_REAL.REGION (ID_REGION,NOMBRE,NOMBRE_LARGO,CREATED_AT) values ('3','ATACAMA','REGIÓN DE ATACAMA',to_timestamp('05/09/22 05:34:18,000000000','DD/MM/RR HH24:MI:SSXFF'));
Insert into TURISMO_REAL.REGION (ID_REGION,NOMBRE,NOMBRE_LARGO,CREATED_AT) values ('4','COQUIMBO','REGIÓN DE COQUIMBO',to_timestamp('05/09/22 05:34:18,000000000','DD/MM/RR HH24:MI:SSXFF'));
Insert into TURISMO_REAL.REGION (ID_REGION,NOMBRE,NOMBRE_LARGO,CREATED_AT) values ('5','VALPARAISO','REGIÓN DE VALPARAISO',to_timestamp('05/09/22 05:34:18,000000000','DD/MM/RR HH24:MI:SSXFF'));
Insert into TURISMO_REAL.REGION (ID_REGION,NOMBRE,NOMBRE_LARGO,CREATED_AT) values ('6','LIBERTADOR GENERAL BERNARDO OHIGGINS','REGIÓN DE LIBERTADOR GENERAL BERNARDO OHIGGINS',to_timestamp('05/09/22 05:34:18,000000000','DD/MM/RR HH24:MI:SSXFF'));
Insert into TURISMO_REAL.REGION (ID_REGION,NOMBRE,NOMBRE_LARGO,CREATED_AT) values ('7','MAULE','REGIÓN DEL MAULE',to_timestamp('05/09/22 05:34:18,000000000','DD/MM/RR HH24:MI:SSXFF'));
Insert into TURISMO_REAL.REGION (ID_REGION,NOMBRE,NOMBRE_LARGO,CREATED_AT) values ('8','BIOBIO','REGIÓN DEL BIOBÍO',to_timestamp('05/09/22 05:34:18,000000000','DD/MM/RR HH24:MI:SSXFF'));
Insert into TURISMO_REAL.REGION (ID_REGION,NOMBRE,NOMBRE_LARGO,CREATED_AT) values ('9','LA ARAUCANIA','REGIÓN DE LA ARAUCANÍA',to_timestamp('05/09/22 05:34:18,000000000','DD/MM/RR HH24:MI:SSXFF'));
Insert into TURISMO_REAL.REGION (ID_REGION,NOMBRE,NOMBRE_LARGO,CREATED_AT) values ('10','LOS LAGOS','REGIÓN DE LOS LAGOS',to_timestamp('05/09/22 05:34:18,000000000','DD/MM/RR HH24:MI:SSXFF'));
Insert into TURISMO_REAL.REGION (ID_REGION,NOMBRE,NOMBRE_LARGO,CREATED_AT) values ('11','AYSEN DEL GENERAL CARLOS IBAÑEZ DEL CAMPO','REGIÓN DE AYSÉN DEL GENERAL CARLOS IBÁÑEZ DEL CAMPO',to_timestamp('05/09/22 05:34:18,000000000','DD/MM/RR HH24:MI:SSXFF'));
Insert into TURISMO_REAL.REGION (ID_REGION,NOMBRE,NOMBRE_LARGO,CREATED_AT) values ('12','MAGALLANES Y LA ANTÁRTICA CHILENA','REGIÓN DE MAGALLANES Y LA ANTÁRTICA CHILENA',to_timestamp('05/09/22 05:34:18,000000000','DD/MM/RR HH24:MI:SSXFF'));
Insert into TURISMO_REAL.REGION (ID_REGION,NOMBRE,NOMBRE_LARGO,CREATED_AT) values ('13','METROPOLITANA DE SANTIAGO','REGIÓN METROPOLITANA DE SANTIAGO',to_timestamp('05/09/22 05:34:18,000000000','DD/MM/RR HH24:MI:SSXFF'));
Insert into TURISMO_REAL.REGION (ID_REGION,NOMBRE,NOMBRE_LARGO,CREATED_AT) values ('14','LOS RIOS','REGIÓN DE LOS RÍOS',to_timestamp('05/09/22 05:34:18,000000000','DD/MM/RR HH24:MI:SSXFF'));
Insert into TURISMO_REAL.REGION (ID_REGION,NOMBRE,NOMBRE_LARGO,CREATED_AT) values ('15','ARICA Y PARINACOTA','REGIÓN DE ARICA Y PARINACOTA',to_timestamp('05/09/22 05:34:18,000000000','DD/MM/RR HH24:MI:SSXFF'));
REM INSERTING into TURISMO_REAL.RESERVA
SET DEFINE OFF;
Insert into TURISMO_REAL.RESERVA (ID_RESERVA,INICIO_RESERVA,FINAL_RESERVA,FECHA_ESTIMADA_CHECKIN,FECHA_ESTIMADA_CHECKOUT,NUMERO_HUESPEDES,DESCRIPCION,ID_DEPARTAMENTO,ID_ESTADO_RESERVA,ID_CLIENTE,ID_CHECK_IN,ID_CHECK_OUT,TOTAL_RESERVA,TOTAL_PAGADO,DIFERENCIA_PAGO,FLG_CONFIRMACION_RESERVA,ID_PASO_RESERVA,CREATED_AT,UPDATED_AT,FLG_ASIGNA_HUESPEDES) values ('1',to_date('20/11/22','DD/MM/RR'),to_date('21/11/22','DD/MM/RR'),null,null,'5',null,'1','1','1',null,null,'65000','65000','0','N','4',to_timestamp('20/11/22 21:24:26,000000000','DD/MM/RR HH24:MI:SSXFF'),to_timestamp('20/11/22 21:25:05,000000000','DD/MM/RR HH24:MI:SSXFF'),'N');
Insert into TURISMO_REAL.RESERVA (ID_RESERVA,INICIO_RESERVA,FINAL_RESERVA,FECHA_ESTIMADA_CHECKIN,FECHA_ESTIMADA_CHECKOUT,NUMERO_HUESPEDES,DESCRIPCION,ID_DEPARTAMENTO,ID_ESTADO_RESERVA,ID_CLIENTE,ID_CHECK_IN,ID_CHECK_OUT,TOTAL_RESERVA,TOTAL_PAGADO,DIFERENCIA_PAGO,FLG_CONFIRMACION_RESERVA,ID_PASO_RESERVA,CREATED_AT,UPDATED_AT,FLG_ASIGNA_HUESPEDES) values ('21',to_date('24/11/22','DD/MM/RR'),to_date('25/11/22','DD/MM/RR'),null,null,'5',null,'1','1','1',null,null,'80000','80000','0','N','4',to_timestamp('24/11/22 02:46:40,000000000','DD/MM/RR HH24:MI:SSXFF'),to_timestamp('24/11/22 02:47:50,000000000','DD/MM/RR HH24:MI:SSXFF'),'N');
REM INSERTING into TURISMO_REAL.RESTABLECER_USUARIO
SET DEFINE OFF;
REM INSERTING into TURISMO_REAL.ROL
SET DEFINE OFF;
Insert into TURISMO_REAL.ROL (ID_ROL,ESTADO,ROL,DESCRIPCION,UPDATED_AT,CREATED_AT,DELETED_AT,DELETED) values ('1','Y','ROOT','GESTIONA EL DESARROLLO DE LA APLICACIÓN',null,to_timestamp('30/08/22 23:21:34,976992000','DD/MM/RR HH24:MI:SSXFF'),null,'N');
Insert into TURISMO_REAL.ROL (ID_ROL,ESTADO,ROL,DESCRIPCION,UPDATED_AT,CREATED_AT,DELETED_AT,DELETED) values ('2','Y','ADMINISTRADOR','GESTIONA LA APLICACIÓN',null,to_timestamp('31/08/22 02:53:13,987273000','DD/MM/RR HH24:MI:SSXFF'),null,'N');
Insert into TURISMO_REAL.ROL (ID_ROL,ESTADO,ROL,DESCRIPCION,UPDATED_AT,CREATED_AT,DELETED_AT,DELETED) values ('3','Y','CLIENTE','GESTION SOLO EL MODULO DE CLIENTE',null,to_timestamp('31/08/22 02:53:46,273140000','DD/MM/RR HH24:MI:SSXFF'),null,'N');
Insert into TURISMO_REAL.ROL (ID_ROL,ESTADO,ROL,DESCRIPCION,UPDATED_AT,CREATED_AT,DELETED_AT,DELETED) values ('4','Y','ANFITRIÓN','GESTIONA Y COORDINA CHECK-IN Y CHECK-OUT',null,to_timestamp('04/09/22 23:54:27,679073000','DD/MM/RR HH24:MI:SSXFF'),null,'N');
REM INSERTING into TURISMO_REAL.SERVICIO
SET DEFINE OFF;
Insert into TURISMO_REAL.SERVICIO (ID_SERVICIO,SERVICIO,PRECIO,ESTADO,ID_TIPO_SERVICIO,LUGAR_ORIGEN,LUGAR_DESTINO,FECHA_INICIO,FECHA_FIN,ID_TRANSPORTISTA,CREATED_AT,UPDATED_AT,DELETED,DELETED_AT,FLG_LUGAR,FLG_HORARIO,FLG_TRANSPORTISTA,HORA_INICIO,HORA_FIN,DESCRIPCION_CORTA,CANTIDAD) values ('6','BASTIAN','5000','Y','1',null,null,to_date('26/10/22','DD/MM/RR'),to_date('30/10/22','DD/MM/RR'),null,to_timestamp('26/10/22 18:52:54,000000000','DD/MM/RR HH24:MI:SSXFF'),to_timestamp('26/10/22 18:55:13,000000000','DD/MM/RR HH24:MI:SSXFF'),'N',null,'N','Y','N','18:51','04:51','fdssdfsdfs','1');
Insert into TURISMO_REAL.SERVICIO (ID_SERVICIO,SERVICIO,PRECIO,ESTADO,ID_TIPO_SERVICIO,LUGAR_ORIGEN,LUGAR_DESTINO,FECHA_INICIO,FECHA_FIN,ID_TRANSPORTISTA,CREATED_AT,UPDATED_AT,DELETED,DELETED_AT,FLG_LUGAR,FLG_HORARIO,FLG_TRANSPORTISTA,HORA_INICIO,HORA_FIN,DESCRIPCION_CORTA,CANTIDAD) values ('1','TOUR CAJÓN DEL MAIPO','40000','Y','3','Plaza de Puente Alto','Cajón del Maipo. Embalse y Salto El Yeso',to_date('29/10/22','DD/MM/RR'),to_date('29/10/22','DD/MM/RR'),null,to_timestamp('25/10/22 00:27:51,000000000','DD/MM/RR HH24:MI:SSXFF'),to_timestamp('25/10/22 03:01:14,000000000','DD/MM/RR HH24:MI:SSXFF'),'N',null,'Y','Y','N','08:15','20:00','¡Tus sentidos agradecerán ésta experiencia! Naturaleza y libertad!','0');
Insert into TURISMO_REAL.SERVICIO (ID_SERVICIO,SERVICIO,PRECIO,ESTADO,ID_TIPO_SERVICIO,LUGAR_ORIGEN,LUGAR_DESTINO,FECHA_INICIO,FECHA_FIN,ID_TRANSPORTISTA,CREATED_AT,UPDATED_AT,DELETED,DELETED_AT,FLG_LUGAR,FLG_HORARIO,FLG_TRANSPORTISTA,HORA_INICIO,HORA_FIN,DESCRIPCION_CORTA,CANTIDAD) values ('2','SERVICIO DE DESAYUNO','0','Y','1',null,null,null,null,null,to_timestamp('23/10/22 22:22:39,000000000','DD/MM/RR HH24:MI:SSXFF'),to_timestamp('20/11/22 21:24:45,000000000','DD/MM/RR HH24:MI:SSXFF'),'N',null,'N','Y','N','07:00','11:00','Desayuno estilo Buffet','996');
Insert into TURISMO_REAL.SERVICIO (ID_SERVICIO,SERVICIO,PRECIO,ESTADO,ID_TIPO_SERVICIO,LUGAR_ORIGEN,LUGAR_DESTINO,FECHA_INICIO,FECHA_FIN,ID_TRANSPORTISTA,CREATED_AT,UPDATED_AT,DELETED,DELETED_AT,FLG_LUGAR,FLG_HORARIO,FLG_TRANSPORTISTA,HORA_INICIO,HORA_FIN,DESCRIPCION_CORTA,CANTIDAD) values ('3','TOUR RELOJ DE FLORES','15000','Y','3','Plaza de Armas Viña del Mar','Reloj de Flores',null,null,null,to_timestamp('23/10/22 22:28:57,000000000','DD/MM/RR HH24:MI:SSXFF'),to_timestamp('26/10/22 00:57:18,000000000','DD/MM/RR HH24:MI:SSXFF'),'N',null,'Y','Y','N','11:00','17:30','Tour por Viña del Mar y Reloj de Flores','0');
Insert into TURISMO_REAL.SERVICIO (ID_SERVICIO,SERVICIO,PRECIO,ESTADO,ID_TIPO_SERVICIO,LUGAR_ORIGEN,LUGAR_DESTINO,FECHA_INICIO,FECHA_FIN,ID_TRANSPORTISTA,CREATED_AT,UPDATED_AT,DELETED,DELETED_AT,FLG_LUGAR,FLG_HORARIO,FLG_TRANSPORTISTA,HORA_INICIO,HORA_FIN,DESCRIPCION_CORTA,CANTIDAD) values ('4','SERVICIO FULL','50000','Y','2','Dirección de Cliente','Hotel a convenir',null,null,'1',to_timestamp('23/10/22 23:03:27,000000000','DD/MM/RR HH24:MI:SSXFF'),to_timestamp('26/10/22 19:46:15,000000000','DD/MM/RR HH24:MI:SSXFF'),'N',null,'Y','Y','Y','08:00','23:00','Transporte de ida y vuelta','24');
Insert into TURISMO_REAL.SERVICIO (ID_SERVICIO,SERVICIO,PRECIO,ESTADO,ID_TIPO_SERVICIO,LUGAR_ORIGEN,LUGAR_DESTINO,FECHA_INICIO,FECHA_FIN,ID_TRANSPORTISTA,CREATED_AT,UPDATED_AT,DELETED,DELETED_AT,FLG_LUGAR,FLG_HORARIO,FLG_TRANSPORTISTA,HORA_INICIO,HORA_FIN,DESCRIPCION_CORTA,CANTIDAD) values ('5','PRUEBA','5000','Y','2','Dirección de Cliente','Reloj de Flores',to_date('24/10/22','DD/MM/RR'),to_date('29/10/22','DD/MM/RR'),'1',to_timestamp('23/10/22 23:19:28,000000000','DD/MM/RR HH24:MI:SSXFF'),to_timestamp('25/10/22 00:24:51,000000000','DD/MM/RR HH24:MI:SSXFF'),'Y',to_timestamp('25/10/22 00:24:51,000000000','DD/MM/RR HH24:MI:SSXFF'),'Y','Y','Y','23:36','23:36','Prueba',null);
Insert into TURISMO_REAL.SERVICIO (ID_SERVICIO,SERVICIO,PRECIO,ESTADO,ID_TIPO_SERVICIO,LUGAR_ORIGEN,LUGAR_DESTINO,FECHA_INICIO,FECHA_FIN,ID_TRANSPORTISTA,CREATED_AT,UPDATED_AT,DELETED,DELETED_AT,FLG_LUGAR,FLG_HORARIO,FLG_TRANSPORTISTA,HORA_INICIO,HORA_FIN,DESCRIPCION_CORTA,CANTIDAD) values ('8','TEST2','15000','Y','1',null,null,null,null,null,to_timestamp('20/11/22 21:18:43,000000000','DD/MM/RR HH24:MI:SSXFF'),to_timestamp('24/11/22 02:46:58,000000000','DD/MM/RR HH24:MI:SSXFF'),'N',null,'N','N','N',null,null,'fdsdfdsfsdf','17');
REM INSERTING into TURISMO_REAL.SERVICIO_RESERVA
SET DEFINE OFF;
Insert into TURISMO_REAL.SERVICIO_RESERVA (ID,FLG_NOTIFICA_INICIO,FECHA_INICIO,FLG_NOTIFICA_FIN,FECHA_FIN,CREATED_AT,ID_SERVICIO,ID_RESERVA,UPDATED_AT,PRECIO,CANTIDAD) values ('1','N',null,'N',null,to_timestamp('20/11/22 21:24:45,000000000','DD/MM/RR HH24:MI:SSXFF'),'2','1',to_timestamp('20/11/22 21:24:45,000000000','DD/MM/RR HH24:MI:SSXFF'),'0','1');
Insert into TURISMO_REAL.SERVICIO_RESERVA (ID,FLG_NOTIFICA_INICIO,FECHA_INICIO,FLG_NOTIFICA_FIN,FECHA_FIN,CREATED_AT,ID_SERVICIO,ID_RESERVA,UPDATED_AT,PRECIO,CANTIDAD) values ('21','N',null,'N',null,to_timestamp('24/11/22 02:46:58,000000000','DD/MM/RR HH24:MI:SSXFF'),'8','21',to_timestamp('24/11/22 02:46:58,000000000','DD/MM/RR HH24:MI:SSXFF'),'15000','1');
REM INSERTING into TURISMO_REAL.SUCURSAL
SET DEFINE OFF;
Insert into TURISMO_REAL.SUCURSAL (ID_SUCURSAL,SUCURSAL,ESTADO,CREATED_AT,UPDATED_AT,DELETED_AT,DELETED,COMUNA_ID_COMUNA) values ('21','SANTIAGO CENTRO3','Y',to_timestamp('23/11/22 22:45:25,000000000','DD/MM/RR HH24:MI:SSXFF'),to_timestamp('23/11/22 22:52:03,000000000','DD/MM/RR HH24:MI:SSXFF'),to_timestamp('23/11/22 22:52:03,000000000','DD/MM/RR HH24:MI:SSXFF'),'Y','27');
Insert into TURISMO_REAL.SUCURSAL (ID_SUCURSAL,SUCURSAL,ESTADO,CREATED_AT,UPDATED_AT,DELETED_AT,DELETED,COMUNA_ID_COMUNA) values ('2','SANTIAGO CENTRO2','Y',to_timestamp('20/11/22 22:44:01,000000000','DD/MM/RR HH24:MI:SSXFF'),to_timestamp('20/11/22 22:44:01,000000000','DD/MM/RR HH24:MI:SSXFF'),null,'N','307');
Insert into TURISMO_REAL.SUCURSAL (ID_SUCURSAL,SUCURSAL,ESTADO,CREATED_AT,UPDATED_AT,DELETED_AT,DELETED,COMUNA_ID_COMUNA) values ('1','SANTIAGO CENTRO','Y',to_timestamp('20/11/22 21:13:07,000000000','DD/MM/RR HH24:MI:SSXFF'),to_timestamp('20/11/22 00:00:00,000000000','DD/MM/RR HH24:MI:SSXFF'),null,'N','295');
REM INSERTING into TURISMO_REAL.TIPO_MOVIMIENTO_CAJA
SET DEFINE OFF;
Insert into TURISMO_REAL.TIPO_MOVIMIENTO_CAJA (ID_TIPO_MOVIMIENTO_CAJA,DESCRIPCION,CREATED_AT) values ('1','INGRESO',null);
Insert into TURISMO_REAL.TIPO_MOVIMIENTO_CAJA (ID_TIPO_MOVIMIENTO_CAJA,DESCRIPCION,CREATED_AT) values ('2','EGRESO',null);
REM INSERTING into TURISMO_REAL.TIPO_MOVIMIENTO_INVENTARIO
SET DEFINE OFF;
REM INSERTING into TURISMO_REAL.TIPO_MULTA
SET DEFINE OFF;
Insert into TURISMO_REAL.TIPO_MULTA (ID_TIPO_MULTA,TIPO_MULTA,ESTADO,CREATED_AT,UPDATED_AT,DELETED,DELETED_AT) values ('1','Ruidos Molestos','Y',to_timestamp('23/11/22 22:58:08,000000000','DD/MM/RR HH24:MI:SSXFF'),to_timestamp('23/11/22 23:06:02,000000000','DD/MM/RR HH24:MI:SSXFF'),'N',null);
Insert into TURISMO_REAL.TIPO_MULTA (ID_TIPO_MULTA,TIPO_MULTA,ESTADO,CREATED_AT,UPDATED_AT,DELETED,DELETED_AT) values ('2','Ruidos Molestos2','Y',to_timestamp('23/11/22 23:00:14,000000000','DD/MM/RR HH24:MI:SSXFF'),to_timestamp('23/11/22 00:00:00,000000000','DD/MM/RR HH24:MI:SSXFF'),'N',null);
REM INSERTING into TURISMO_REAL.TIPO_SERVICIO
SET DEFINE OFF;
Insert into TURISMO_REAL.TIPO_SERVICIO (ID_TIPO_SERVICIO,TIPO_SERVICIO,ESTADO,CREATED_AT,UPDATED_AT,DELETED,DELETED_AT,FLG_LUGAR,FLG_HORARIO,FLG_TRANSPORTISTA) values ('21','TEST3','Y',to_timestamp('23/11/22 23:14:31,000000000','DD/MM/RR HH24:MI:SSXFF'),to_timestamp('23/11/22 23:14:37,000000000','DD/MM/RR HH24:MI:SSXFF'),'N',null,'N','N','N');
Insert into TURISMO_REAL.TIPO_SERVICIO (ID_TIPO_SERVICIO,TIPO_SERVICIO,ESTADO,CREATED_AT,UPDATED_AT,DELETED,DELETED_AT,FLG_LUGAR,FLG_HORARIO,FLG_TRANSPORTISTA) values ('1','TEST','N',to_timestamp('20/11/22 21:18:14,000000000','DD/MM/RR HH24:MI:SSXFF'),to_timestamp('23/11/22 23:14:44,000000000','DD/MM/RR HH24:MI:SSXFF'),'N',null,'N','N','N');
REM INSERTING into TURISMO_REAL.TRANSPORTISTA
SET DEFINE OFF;
REM INSERTING into TURISMO_REAL.USUARIO
SET DEFINE OFF;
Insert into TURISMO_REAL.USUARIO (ID_USUARIO,ESTADO,USERNAME,PASSWORD,FLG_CAMBIO_PASSWORD,EMAIL,AVATAR,CREATED_AT,UPDATED_AT,DELETED_AT,DELETED,ID_ROL,REMEMBER_TOKEN,ID_RESERVA,ULTIMO_ACCESO,ID_PASO_RESERVA) values ('2','Y','contacto@designwebirg.com','$2y$10$s93/CwoImvWL7kzrJWBg0OZpXB2WkxxN7Nxmypl.eTpcnE0Y6wz02','Y','contacto@designwebirg.com',null,to_timestamp('23/10/22 00:55:13,000000000','DD/MM/RR HH24:MI:SSXFF'),to_timestamp('24/11/22 02:43:15,000000000','DD/MM/RR HH24:MI:SSXFF'),null,'N','2',null,null,to_timestamp('24/11/22 02:43:15,000000000','DD/MM/RR HH24:MI:SSXFF'),null);
Insert into TURISMO_REAL.USUARIO (ID_USUARIO,ESTADO,USERNAME,PASSWORD,FLG_CAMBIO_PASSWORD,EMAIL,AVATAR,CREATED_AT,UPDATED_AT,DELETED_AT,DELETED,ID_ROL,REMEMBER_TOKEN,ID_RESERVA,ULTIMO_ACCESO,ID_PASO_RESERVA) values ('1','Y','test@test.com','$2y$10$O6HV7YyZVSlwYKtN9HxqwucE60g5MZ2lUthqrImj5FHbKHuUmv1MO','N','test1@test.com',null,to_timestamp('20/11/22 20:59:18,000000000','DD/MM/RR HH24:MI:SSXFF'),to_timestamp('24/11/22 02:47:50,000000000','DD/MM/RR HH24:MI:SSXFF'),null,'N','3',null,'21',to_timestamp('24/11/22 02:45:08,000000000','DD/MM/RR HH24:MI:SSXFF'),'4');
Insert into TURISMO_REAL.USUARIO (ID_USUARIO,ESTADO,USERNAME,PASSWORD,FLG_CAMBIO_PASSWORD,EMAIL,AVATAR,CREATED_AT,UPDATED_AT,DELETED_AT,DELETED,ID_ROL,REMEMBER_TOKEN,ID_RESERVA,ULTIMO_ACCESO,ID_PASO_RESERVA) values ('3','Y','contacto2@designwebirg.com','$2y$10$fmKpelZUoMui0r7s5uqFtuSmaV8s2caR0P0Da4ndi53XDZlY0d8nm','Y','contacto2@designwebirg.com',null,to_timestamp('20/11/22 21:22:10,000000000','DD/MM/RR HH24:MI:SSXFF'),to_timestamp('20/11/22 21:22:10,000000000','DD/MM/RR HH24:MI:SSXFF'),null,'N','4',null,null,null,null);
Insert into TURISMO_REAL.USUARIO (ID_USUARIO,ESTADO,USERNAME,PASSWORD,FLG_CAMBIO_PASSWORD,EMAIL,AVATAR,CREATED_AT,UPDATED_AT,DELETED_AT,DELETED,ID_ROL,REMEMBER_TOKEN,ID_RESERVA,ULTIMO_ACCESO,ID_PASO_RESERVA) values ('4','Y','contacto3@designwebirg.com','$2y$10$6fPLj9KKH/Aw/0R1vbz4DeY1MWzvAvo595f98ssK5fatL6H20m09O','Y','contacto3@designwebirg.com',null,to_timestamp('20/11/22 21:22:22,000000000','DD/MM/RR HH24:MI:SSXFF'),to_timestamp('20/11/22 21:22:22,000000000','DD/MM/RR HH24:MI:SSXFF'),null,'N','4',null,null,null,null);
--------------------------------------------------------
--  DDL for Index ACCESORIO_PK
--------------------------------------------------------

  CREATE UNIQUE INDEX "TURISMO_REAL"."ACCESORIO_PK" ON "TURISMO_REAL"."ACCESORIO" ("ID_ACCESORIO") 
  PCTFREE 10 INITRANS 2 MAXTRANS 255 COMPUTE STATISTICS 
  STORAGE(INITIAL 65536 NEXT 1048576 MINEXTENTS 1 MAXEXTENTS 2147483645
  PCTINCREASE 0 FREELISTS 1 FREELIST GROUPS 1
  BUFFER_POOL DEFAULT FLASH_CACHE DEFAULT CELL_FLASH_CACHE DEFAULT)
  TABLESPACE "USERS" ;
--------------------------------------------------------
--  DDL for Index HUESPED_PK
--------------------------------------------------------

  CREATE UNIQUE INDEX "TURISMO_REAL"."HUESPED_PK" ON "TURISMO_REAL"."HUESPED" ("ID_HUESPED") 
  PCTFREE 10 INITRANS 2 MAXTRANS 255 COMPUTE STATISTICS 
  STORAGE( INITIAL 65536 NEXT 1048576 MINEXTENTS 1 MAXEXTENTS 2147483645
  PCTINCREASE 0 FREELISTS 1 FREELIST GROUPS 1
  BUFFER_POOL DEFAULT FLASH_CACHE DEFAULT CELL_FLASH_CACHE DEFAULT)
  TABLESPACE "USERS" ;
--------------------------------------------------------
--  DDL for Index HUESPED_RESERVA_PK
--------------------------------------------------------

  CREATE UNIQUE INDEX "TURISMO_REAL"."HUESPED_RESERVA_PK" ON "TURISMO_REAL"."HUESPED_RESERVA" ("ID") 
  PCTFREE 10 INITRANS 2 MAXTRANS 255 COMPUTE STATISTICS 
  TABLESPACE "USERS" ;
--------------------------------------------------------
--  DDL for Index MOVIMIENTO_CAJA_PK
--------------------------------------------------------

  CREATE UNIQUE INDEX "TURISMO_REAL"."MOVIMIENTO_CAJA_PK" ON "TURISMO_REAL"."MOVIMIENTO_CAJA" ("ID_MOVIMIENTO_CAJA") 
  PCTFREE 10 INITRANS 2 MAXTRANS 255 COMPUTE STATISTICS 
  STORAGE(INITIAL 65536 NEXT 1048576 MINEXTENTS 1 MAXEXTENTS 2147483645
  PCTINCREASE 0 FREELISTS 1 FREELIST GROUPS 1
  BUFFER_POOL DEFAULT FLASH_CACHE DEFAULT CELL_FLASH_CACHE DEFAULT)
  TABLESPACE "USERS" ;
--------------------------------------------------------
--  DDL for Index MOVIMIENTO_INVENTARIO_PK
--------------------------------------------------------

  CREATE UNIQUE INDEX "TURISMO_REAL"."MOVIMIENTO_INVENTARIO_PK" ON "TURISMO_REAL"."MOVIMIENTO_INVENTARIO" ("ID_MOVIMIENTO_INVENTARIO") 
  PCTFREE 10 INITRANS 2 MAXTRANS 255 COMPUTE STATISTICS 
  TABLESPACE "USERS" ;
--------------------------------------------------------
--  DDL for Index MULTA_PK
--------------------------------------------------------

  CREATE UNIQUE INDEX "TURISMO_REAL"."MULTA_PK" ON "TURISMO_REAL"."MULTA" ("ID_MULTA") 
  PCTFREE 10 INITRANS 2 MAXTRANS 255 COMPUTE STATISTICS 
  STORAGE(INITIAL 65536 NEXT 1048576 MINEXTENTS 1 MAXEXTENTS 2147483645
  PCTINCREASE 0 FREELISTS 1 FREELIST GROUPS 1
  BUFFER_POOL DEFAULT FLASH_CACHE DEFAULT CELL_FLASH_CACHE DEFAULT)
  TABLESPACE "USERS" ;
--------------------------------------------------------
--  DDL for Index PASO_RESERVA_PK
--------------------------------------------------------

  CREATE UNIQUE INDEX "TURISMO_REAL"."PASO_RESERVA_PK" ON "TURISMO_REAL"."PASO_RESERVA" ("ID_PASO_RESERVA") 
  PCTFREE 10 INITRANS 2 MAXTRANS 255 COMPUTE STATISTICS 
  STORAGE(INITIAL 65536 NEXT 1048576 MINEXTENTS 1 MAXEXTENTS 2147483645
  PCTINCREASE 0 FREELISTS 1 FREELIST GROUPS 1
  BUFFER_POOL DEFAULT FLASH_CACHE DEFAULT CELL_FLASH_CACHE DEFAULT)
  TABLESPACE "USERS" ;
--------------------------------------------------------
--  DDL for Index REGION_PK
--------------------------------------------------------

  CREATE UNIQUE INDEX "TURISMO_REAL"."REGION_PK" ON "TURISMO_REAL"."REGION" ("ID_REGION") 
  PCTFREE 10 INITRANS 2 MAXTRANS 255 COMPUTE STATISTICS 
  STORAGE(INITIAL 65536 NEXT 1048576 MINEXTENTS 1 MAXEXTENTS 2147483645
  PCTINCREASE 0 FREELISTS 1 FREELIST GROUPS 1
  BUFFER_POOL DEFAULT FLASH_CACHE DEFAULT CELL_FLASH_CACHE DEFAULT)
  TABLESPACE "USERS" ;
--------------------------------------------------------
--  DDL for Index RESERVA_PK
--------------------------------------------------------

  CREATE UNIQUE INDEX "TURISMO_REAL"."RESERVA_PK" ON "TURISMO_REAL"."RESERVA" ("ID_RESERVA") 
  PCTFREE 10 INITRANS 2 MAXTRANS 255 COMPUTE STATISTICS 
  STORAGE(INITIAL 65536 NEXT 1048576 MINEXTENTS 1 MAXEXTENTS 2147483645
  PCTINCREASE 0 FREELISTS 1 FREELIST GROUPS 1
  BUFFER_POOL DEFAULT FLASH_CACHE DEFAULT CELL_FLASH_CACHE DEFAULT)
  TABLESPACE "USERS" ;
--------------------------------------------------------
--  DDL for Index RESTABLECER_USUARIO_PK
--------------------------------------------------------

  CREATE UNIQUE INDEX "TURISMO_REAL"."RESTABLECER_USUARIO_PK" ON "TURISMO_REAL"."RESTABLECER_USUARIO" ("ID") 
  PCTFREE 10 INITRANS 2 MAXTRANS 255 COMPUTE STATISTICS 
  TABLESPACE "USERS" ;
--------------------------------------------------------
--  DDL for Index ROL_PK
--------------------------------------------------------

  CREATE UNIQUE INDEX "TURISMO_REAL"."ROL_PK" ON "TURISMO_REAL"."ROL" ("ID_ROL") 
  PCTFREE 10 INITRANS 2 MAXTRANS 255 COMPUTE STATISTICS 
  STORAGE(INITIAL 65536 NEXT 1048576 MINEXTENTS 1 MAXEXTENTS 2147483645
  PCTINCREASE 0 FREELISTS 1 FREELIST GROUPS 1
  BUFFER_POOL DEFAULT FLASH_CACHE DEFAULT CELL_FLASH_CACHE DEFAULT)
  TABLESPACE "USERS" ;
--------------------------------------------------------
--  DDL for Index SERVICIO_PK
--------------------------------------------------------

  CREATE UNIQUE INDEX "TURISMO_REAL"."SERVICIO_PK" ON "TURISMO_REAL"."SERVICIO" ("ID_SERVICIO") 
  PCTFREE 10 INITRANS 2 MAXTRANS 255 COMPUTE STATISTICS 
  STORAGE(INITIAL 65536 NEXT 1048576 MINEXTENTS 1 MAXEXTENTS 2147483645
  PCTINCREASE 0 FREELISTS 1 FREELIST GROUPS 1
  BUFFER_POOL DEFAULT FLASH_CACHE DEFAULT CELL_FLASH_CACHE DEFAULT)
  TABLESPACE "USERS" ;
--------------------------------------------------------
--  DDL for Index SERVICIO_RESERVA_PK
--------------------------------------------------------

  CREATE UNIQUE INDEX "TURISMO_REAL"."SERVICIO_RESERVA_PK" ON "TURISMO_REAL"."SERVICIO_RESERVA" ("ID") 
  PCTFREE 10 INITRANS 2 MAXTRANS 255 COMPUTE STATISTICS 
  STORAGE(INITIAL 65536 NEXT 1048576 MINEXTENTS 1 MAXEXTENTS 2147483645
  PCTINCREASE 0 FREELISTS 1 FREELIST GROUPS 1
  BUFFER_POOL DEFAULT FLASH_CACHE DEFAULT CELL_FLASH_CACHE DEFAULT)
  TABLESPACE "USERS" ;
--------------------------------------------------------
--  DDL for Index CARGO_PK
--------------------------------------------------------

  CREATE UNIQUE INDEX "TURISMO_REAL"."CARGO_PK" ON "TURISMO_REAL"."CARGO" ("ID_CARGO") 
  PCTFREE 10 INITRANS 2 MAXTRANS 255 COMPUTE STATISTICS 
  STORAGE(INITIAL 65536 NEXT 1048576 MINEXTENTS 1 MAXEXTENTS 2147483645
  PCTINCREASE 0 FREELISTS 1 FREELIST GROUPS 1
  BUFFER_POOL DEFAULT FLASH_CACHE DEFAULT CELL_FLASH_CACHE DEFAULT)
  TABLESPACE "USERS" ;
--------------------------------------------------------
--  DDL for Index CHECK_IN_PK
--------------------------------------------------------

  CREATE UNIQUE INDEX "TURISMO_REAL"."CHECK_IN_PK" ON "TURISMO_REAL"."CHECK_IN" ("ID_CHECK_IN") 
  PCTFREE 10 INITRANS 2 MAXTRANS 255 COMPUTE STATISTICS 
  TABLESPACE "USERS" ;
--------------------------------------------------------
--  DDL for Index CHECK_OUT_PK
--------------------------------------------------------

  CREATE UNIQUE INDEX "TURISMO_REAL"."CHECK_OUT_PK" ON "TURISMO_REAL"."CHECK_OUT" ("ID_CHECK_OUT") 
  PCTFREE 10 INITRANS 2 MAXTRANS 255 COMPUTE STATISTICS 
  TABLESPACE "USERS" ;
--------------------------------------------------------
--  DDL for Index CLIENTE_PK
--------------------------------------------------------

  CREATE UNIQUE INDEX "TURISMO_REAL"."CLIENTE_PK" ON "TURISMO_REAL"."CLIENTE" ("ID_CLIENTE") 
  PCTFREE 10 INITRANS 2 MAXTRANS 255 COMPUTE STATISTICS 
  STORAGE(INITIAL 65536 NEXT 1048576 MINEXTENTS 1 MAXEXTENTS 2147483645
  PCTINCREASE 0 FREELISTS 1 FREELIST GROUPS 1
  BUFFER_POOL DEFAULT FLASH_CACHE DEFAULT CELL_FLASH_CACHE DEFAULT)
  TABLESPACE "USERS" ;
--------------------------------------------------------
--  DDL for Index COMUNA_PK
--------------------------------------------------------

  CREATE UNIQUE INDEX "TURISMO_REAL"."COMUNA_PK" ON "TURISMO_REAL"."COMUNA" ("ID_COMUNA") 
  PCTFREE 10 INITRANS 2 MAXTRANS 255 COMPUTE STATISTICS 
  STORAGE(INITIAL 65536 NEXT 1048576 MINEXTENTS 1 MAXEXTENTS 2147483645
  PCTINCREASE 0 FREELISTS 1 FREELIST GROUPS 1
  BUFFER_POOL DEFAULT FLASH_CACHE DEFAULT CELL_FLASH_CACHE DEFAULT)
  TABLESPACE "USERS" ;
--------------------------------------------------------
--  DDL for Index DEPARTAMENTO_ACCESORIO_PK
--------------------------------------------------------

  CREATE UNIQUE INDEX "TURISMO_REAL"."DEPARTAMENTO_ACCESORIO_PK" ON "TURISMO_REAL"."DEPARTAMENTO_ACCESORIO" ("ID") 
  PCTFREE 10 INITRANS 2 MAXTRANS 255 COMPUTE STATISTICS 
  TABLESPACE "USERS" ;
--------------------------------------------------------
--  DDL for Index DEPARTAMENTO_PK
--------------------------------------------------------

  CREATE UNIQUE INDEX "TURISMO_REAL"."DEPARTAMENTO_PK" ON "TURISMO_REAL"."DEPARTAMENTO" ("ID_DEPARTAMENTO") 
  PCTFREE 10 INITRANS 2 MAXTRANS 255 COMPUTE STATISTICS 
  STORAGE(INITIAL 65536 NEXT 1048576 MINEXTENTS 1 MAXEXTENTS 2147483645
  PCTINCREASE 0 FREELISTS 1 FREELIST GROUPS 1
  BUFFER_POOL DEFAULT FLASH_CACHE DEFAULT CELL_FLASH_CACHE DEFAULT)
  TABLESPACE "USERS" ;
--------------------------------------------------------
--  DDL for Index EMPLEADO_PK
--------------------------------------------------------

  CREATE UNIQUE INDEX "TURISMO_REAL"."EMPLEADO_PK" ON "TURISMO_REAL"."EMPLEADO" ("ID_EMPLEADO") 
  PCTFREE 10 INITRANS 2 MAXTRANS 255 COMPUTE STATISTICS 
  STORAGE(INITIAL 65536 NEXT 1048576 MINEXTENTS 1 MAXEXTENTS 2147483645
  PCTINCREASE 0 FREELISTS 1 FREELIST GROUPS 1
  BUFFER_POOL DEFAULT FLASH_CACHE DEFAULT CELL_FLASH_CACHE DEFAULT)
  TABLESPACE "USERS" ;
--------------------------------------------------------
--  DDL for Index EMPLEADO_SUCURSAL_PK
--------------------------------------------------------

  CREATE UNIQUE INDEX "TURISMO_REAL"."EMPLEADO_SUCURSAL_PK" ON "TURISMO_REAL"."EMPLEADO_SUCURSAL" ("ID") 
  PCTFREE 10 INITRANS 2 MAXTRANS 255 COMPUTE STATISTICS 
  STORAGE(INITIAL 65536 NEXT 1048576 MINEXTENTS 1 MAXEXTENTS 2147483645
  PCTINCREASE 0 FREELISTS 1 FREELIST GROUPS 1
  BUFFER_POOL DEFAULT FLASH_CACHE DEFAULT CELL_FLASH_CACHE DEFAULT)
  TABLESPACE "USERS" ;
--------------------------------------------------------
--  DDL for Index ESTADO_DEPERTAMENTO_PK
--------------------------------------------------------

  CREATE UNIQUE INDEX "TURISMO_REAL"."ESTADO_DEPERTAMENTO_PK" ON "TURISMO_REAL"."ESTADO_DEPARTAMENTO" ("ID_ESTADO_DEPARTAMENTO") 
  PCTFREE 10 INITRANS 2 MAXTRANS 255 COMPUTE STATISTICS 
  STORAGE(INITIAL 65536 NEXT 1048576 MINEXTENTS 1 MAXEXTENTS 2147483645
  PCTINCREASE 0 FREELISTS 1 FREELIST GROUPS 1
  BUFFER_POOL DEFAULT FLASH_CACHE DEFAULT CELL_FLASH_CACHE DEFAULT)
  TABLESPACE "USERS" ;
--------------------------------------------------------
--  DDL for Index ESTADO_RESERVA_PK
--------------------------------------------------------

  CREATE UNIQUE INDEX "TURISMO_REAL"."ESTADO_RESERVA_PK" ON "TURISMO_REAL"."ESTADO_RESERVA" ("ID_ESTADO_RESERVA") 
  PCTFREE 10 INITRANS 2 MAXTRANS 255 COMPUTE STATISTICS 
  STORAGE(INITIAL 65536 NEXT 1048576 MINEXTENTS 1 MAXEXTENTS 2147483645
  PCTINCREASE 0 FREELISTS 1 FREELIST GROUPS 1
  BUFFER_POOL DEFAULT FLASH_CACHE DEFAULT CELL_FLASH_CACHE DEFAULT)
  TABLESPACE "USERS" ;
--------------------------------------------------------
--  DDL for Index SUCURAL_PK
--------------------------------------------------------

  CREATE UNIQUE INDEX "TURISMO_REAL"."SUCURAL_PK" ON "TURISMO_REAL"."SUCURSAL" ("ID_SUCURSAL") 
  PCTFREE 10 INITRANS 2 MAXTRANS 255 COMPUTE STATISTICS 
  STORAGE(INITIAL 65536 NEXT 1048576 MINEXTENTS 1 MAXEXTENTS 2147483645
  PCTINCREASE 0 FREELISTS 1 FREELIST GROUPS 1
  BUFFER_POOL DEFAULT FLASH_CACHE DEFAULT CELL_FLASH_CACHE DEFAULT)
  TABLESPACE "USERS" ;
--------------------------------------------------------
--  DDL for Index TIPO_MOVIMIENTO_CAJA_PK
--------------------------------------------------------

  CREATE UNIQUE INDEX "TURISMO_REAL"."TIPO_MOVIMIENTO_CAJA_PK" ON "TURISMO_REAL"."TIPO_MOVIMIENTO_CAJA" ("ID_TIPO_MOVIMIENTO_CAJA") 
  PCTFREE 10 INITRANS 2 MAXTRANS 255 COMPUTE STATISTICS 
  STORAGE(INITIAL 65536 NEXT 1048576 MINEXTENTS 1 MAXEXTENTS 2147483645
  PCTINCREASE 0 FREELISTS 1 FREELIST GROUPS 1
  BUFFER_POOL DEFAULT FLASH_CACHE DEFAULT CELL_FLASH_CACHE DEFAULT)
  TABLESPACE "USERS" ;
--------------------------------------------------------
--  DDL for Index TIPO_MOVIMIENTO_INVENTARIO_PK
--------------------------------------------------------

  CREATE UNIQUE INDEX "TURISMO_REAL"."TIPO_MOVIMIENTO_INVENTARIO_PK" ON "TURISMO_REAL"."TIPO_MOVIMIENTO_INVENTARIO" ("ID_TIPO_MOVIMIENTO") 
  PCTFREE 10 INITRANS 2 MAXTRANS 255 COMPUTE STATISTICS 
  TABLESPACE "USERS" ;
--------------------------------------------------------
--  DDL for Index TIPO_MULTA_PK
--------------------------------------------------------

  CREATE UNIQUE INDEX "TURISMO_REAL"."TIPO_MULTA_PK" ON "TURISMO_REAL"."TIPO_MULTA" ("ID_TIPO_MULTA") 
  PCTFREE 10 INITRANS 2 MAXTRANS 255 COMPUTE STATISTICS 
  STORAGE(INITIAL 65536 NEXT 1048576 MINEXTENTS 1 MAXEXTENTS 2147483645
  PCTINCREASE 0 FREELISTS 1 FREELIST GROUPS 1
  BUFFER_POOL DEFAULT FLASH_CACHE DEFAULT CELL_FLASH_CACHE DEFAULT)
  TABLESPACE "USERS" ;
--------------------------------------------------------
--  DDL for Index TIPO_SERVICIO_PK
--------------------------------------------------------

  CREATE UNIQUE INDEX "TURISMO_REAL"."TIPO_SERVICIO_PK" ON "TURISMO_REAL"."TIPO_SERVICIO" ("ID_TIPO_SERVICIO") 
  PCTFREE 10 INITRANS 2 MAXTRANS 255 COMPUTE STATISTICS 
  STORAGE(INITIAL 65536 NEXT 1048576 MINEXTENTS 1 MAXEXTENTS 2147483645
  PCTINCREASE 0 FREELISTS 1 FREELIST GROUPS 1
  BUFFER_POOL DEFAULT FLASH_CACHE DEFAULT CELL_FLASH_CACHE DEFAULT)
  TABLESPACE "USERS" ;
--------------------------------------------------------
--  DDL for Index TRANSPORTISTA_PK
--------------------------------------------------------

  CREATE UNIQUE INDEX "TURISMO_REAL"."TRANSPORTISTA_PK" ON "TURISMO_REAL"."TRANSPORTISTA" ("ID_TRANSPORTISTA") 
  PCTFREE 10 INITRANS 2 MAXTRANS 255 COMPUTE STATISTICS 
  STORAGE( INITIAL 65536 NEXT 1048576 MINEXTENTS 1 MAXEXTENTS 2147483645
  PCTINCREASE 0 FREELISTS 1 FREELIST GROUPS 1
  BUFFER_POOL DEFAULT FLASH_CACHE DEFAULT CELL_FLASH_CACHE DEFAULT)
  TABLESPACE "USERS" ;
--------------------------------------------------------
--  DDL for Index USUARIO_PK
--------------------------------------------------------

  CREATE UNIQUE INDEX "TURISMO_REAL"."USUARIO_PK" ON "TURISMO_REAL"."USUARIO" ("ID_USUARIO") 
  PCTFREE 10 INITRANS 2 MAXTRANS 255 COMPUTE STATISTICS 
  STORAGE(INITIAL 65536 NEXT 1048576 MINEXTENTS 1 MAXEXTENTS 2147483645
  PCTINCREASE 0 FREELISTS 1 FREELIST GROUPS 1
  BUFFER_POOL DEFAULT FLASH_CACHE DEFAULT CELL_FLASH_CACHE DEFAULT)
  TABLESPACE "USERS" ;
--------------------------------------------------------
--  DDL for Index RESERVA__IDXV2
--------------------------------------------------------

  CREATE INDEX "TURISMO_REAL"."RESERVA__IDXV2" ON "TURISMO_REAL"."RESERVA" ("ID_DEPARTAMENTO") 
  PCTFREE 10 INITRANS 2 MAXTRANS 255 COMPUTE STATISTICS 
  STORAGE(INITIAL 65536 NEXT 1048576 MINEXTENTS 1 MAXEXTENTS 2147483645
  PCTINCREASE 0 FREELISTS 1 FREELIST GROUPS 1
  BUFFER_POOL DEFAULT FLASH_CACHE DEFAULT CELL_FLASH_CACHE DEFAULT)
  TABLESPACE "USERS" ;
--------------------------------------------------------
--  DDL for Index RESERVA__IDXV1
--------------------------------------------------------

  CREATE UNIQUE INDEX "TURISMO_REAL"."RESERVA__IDXV1" ON "TURISMO_REAL"."RESERVA" ("ID_CHECK_OUT") 
  PCTFREE 10 INITRANS 2 MAXTRANS 255 COMPUTE STATISTICS 
  STORAGE(INITIAL 65536 NEXT 1048576 MINEXTENTS 1 MAXEXTENTS 2147483645
  PCTINCREASE 0 FREELISTS 1 FREELIST GROUPS 1
  BUFFER_POOL DEFAULT FLASH_CACHE DEFAULT CELL_FLASH_CACHE DEFAULT)
  TABLESPACE "USERS" ;
--------------------------------------------------------
--  DDL for Index DEPARTAMENTO__IDX
--------------------------------------------------------

  CREATE INDEX "TURISMO_REAL"."DEPARTAMENTO__IDX" ON "TURISMO_REAL"."DEPARTAMENTO" ("ID_EMPLEADO") 
  PCTFREE 10 INITRANS 2 MAXTRANS 255 COMPUTE STATISTICS 
  STORAGE(INITIAL 65536 NEXT 1048576 MINEXTENTS 1 MAXEXTENTS 2147483645
  PCTINCREASE 0 FREELISTS 1 FREELIST GROUPS 1
  BUFFER_POOL DEFAULT FLASH_CACHE DEFAULT CELL_FLASH_CACHE DEFAULT)
  TABLESPACE "USERS" ;
--------------------------------------------------------
--  DDL for Index RESERVA__IDX
--------------------------------------------------------

  CREATE UNIQUE INDEX "TURISMO_REAL"."RESERVA__IDX" ON "TURISMO_REAL"."RESERVA" ("ID_CHECK_IN") 
  PCTFREE 10 INITRANS 2 MAXTRANS 255 COMPUTE STATISTICS 
  STORAGE(INITIAL 65536 NEXT 1048576 MINEXTENTS 1 MAXEXTENTS 2147483645
  PCTINCREASE 0 FREELISTS 1 FREELIST GROUPS 1
  BUFFER_POOL DEFAULT FLASH_CACHE DEFAULT CELL_FLASH_CACHE DEFAULT)
  TABLESPACE "USERS" ;
--------------------------------------------------------
--  Constraints for Table TIPO_MOVIMIENTO_CAJA
--------------------------------------------------------

  ALTER TABLE "TURISMO_REAL"."TIPO_MOVIMIENTO_CAJA" MODIFY ("ID_TIPO_MOVIMIENTO_CAJA" NOT NULL ENABLE);
  ALTER TABLE "TURISMO_REAL"."TIPO_MOVIMIENTO_CAJA" MODIFY ("DESCRIPCION" NOT NULL ENABLE);
  ALTER TABLE "TURISMO_REAL"."TIPO_MOVIMIENTO_CAJA" ADD CONSTRAINT "TIPO_MOVIMIENTO_CAJA_PK" PRIMARY KEY ("ID_TIPO_MOVIMIENTO_CAJA")
  USING INDEX "TURISMO_REAL"."TIPO_MOVIMIENTO_CAJA_PK"  ENABLE;
--------------------------------------------------------
--  Constraints for Table COMUNA
--------------------------------------------------------

  ALTER TABLE "TURISMO_REAL"."COMUNA" MODIFY ("ID_COMUNA" NOT NULL ENABLE);
  ALTER TABLE "TURISMO_REAL"."COMUNA" MODIFY ("COMUNA" NOT NULL ENABLE);
  ALTER TABLE "TURISMO_REAL"."COMUNA" MODIFY ("REGION_ID_REGION" NOT NULL ENABLE);
  ALTER TABLE "TURISMO_REAL"."COMUNA" ADD CONSTRAINT "COMUNA_PK" PRIMARY KEY ("ID_COMUNA")
  USING INDEX "TURISMO_REAL"."COMUNA_PK"  ENABLE;
--------------------------------------------------------
--  Constraints for Table HUESPED_RESERVA
--------------------------------------------------------

  ALTER TABLE "TURISMO_REAL"."HUESPED_RESERVA" MODIFY ("ID" NOT NULL ENABLE);
  ALTER TABLE "TURISMO_REAL"."HUESPED_RESERVA" MODIFY ("ID_HUESPED" NOT NULL ENABLE);
  ALTER TABLE "TURISMO_REAL"."HUESPED_RESERVA" MODIFY ("ID_RESERVA" NOT NULL ENABLE);
  ALTER TABLE "TURISMO_REAL"."HUESPED_RESERVA" ADD CONSTRAINT "HUESPED_RESERVA_PK" PRIMARY KEY ("ID")
  USING INDEX "TURISMO_REAL"."HUESPED_RESERVA_PK"  ENABLE;
--------------------------------------------------------
--  Constraints for Table MOVIMIENTO_CAJA
--------------------------------------------------------

  ALTER TABLE "TURISMO_REAL"."MOVIMIENTO_CAJA" MODIFY ("ID_MOVIMIENTO_CAJA" NOT NULL ENABLE);
  ALTER TABLE "TURISMO_REAL"."MOVIMIENTO_CAJA" MODIFY ("ORIGEN" NOT NULL ENABLE);
  ALTER TABLE "TURISMO_REAL"."MOVIMIENTO_CAJA" MODIFY ("TOTAL" NOT NULL ENABLE);
  ALTER TABLE "TURISMO_REAL"."MOVIMIENTO_CAJA" ADD CONSTRAINT "MOVIMIENTO_CAJA_PK" PRIMARY KEY ("ID_MOVIMIENTO_CAJA")
  USING INDEX "TURISMO_REAL"."MOVIMIENTO_CAJA_PK"  ENABLE;
--------------------------------------------------------
--  Constraints for Table TIPO_SERVICIO
--------------------------------------------------------

  ALTER TABLE "TURISMO_REAL"."TIPO_SERVICIO" MODIFY ("ID_TIPO_SERVICIO" NOT NULL ENABLE);
  ALTER TABLE "TURISMO_REAL"."TIPO_SERVICIO" MODIFY ("DELETED" NOT NULL ENABLE);
  ALTER TABLE "TURISMO_REAL"."TIPO_SERVICIO" MODIFY ("FLG_LUGAR" NOT NULL ENABLE);
  ALTER TABLE "TURISMO_REAL"."TIPO_SERVICIO" MODIFY ("FLG_HORARIO" NOT NULL ENABLE);
  ALTER TABLE "TURISMO_REAL"."TIPO_SERVICIO" MODIFY ("FLG_TRANSPORTISTA" NOT NULL ENABLE);
  ALTER TABLE "TURISMO_REAL"."TIPO_SERVICIO" MODIFY ("TIPO_SERVICIO" NOT NULL ENABLE);
  ALTER TABLE "TURISMO_REAL"."TIPO_SERVICIO" MODIFY ("ESTADO" NOT NULL ENABLE);
  ALTER TABLE "TURISMO_REAL"."TIPO_SERVICIO" ADD CONSTRAINT "TIPO_SERVICIO_PK" PRIMARY KEY ("ID_TIPO_SERVICIO")
  USING INDEX "TURISMO_REAL"."TIPO_SERVICIO_PK"  ENABLE;
--------------------------------------------------------
--  Constraints for Table HUESPED
--------------------------------------------------------

  ALTER TABLE "TURISMO_REAL"."HUESPED" MODIFY ("ID_HUESPED" NOT NULL ENABLE);
  ALTER TABLE "TURISMO_REAL"."HUESPED" MODIFY ("ESTADO" NOT NULL ENABLE);
  ALTER TABLE "TURISMO_REAL"."HUESPED" MODIFY ("DELETED" NOT NULL ENABLE);
  ALTER TABLE "TURISMO_REAL"."HUESPED" MODIFY ("ID_CLIENTE" NOT NULL ENABLE);
  ALTER TABLE "TURISMO_REAL"."HUESPED" ADD CONSTRAINT "HUESPED_PK" PRIMARY KEY ("ID_HUESPED")
  USING INDEX "TURISMO_REAL"."HUESPED_PK"  ENABLE;
--------------------------------------------------------
--  Constraints for Table SUCURSAL
--------------------------------------------------------

  ALTER TABLE "TURISMO_REAL"."SUCURSAL" MODIFY ("ID_SUCURSAL" NOT NULL ENABLE);
  ALTER TABLE "TURISMO_REAL"."SUCURSAL" MODIFY ("ESTADO" NOT NULL ENABLE);
  ALTER TABLE "TURISMO_REAL"."SUCURSAL" MODIFY ("DELETED" NOT NULL ENABLE);
  ALTER TABLE "TURISMO_REAL"."SUCURSAL" MODIFY ("COMUNA_ID_COMUNA" NOT NULL ENABLE);
  ALTER TABLE "TURISMO_REAL"."SUCURSAL" ADD CONSTRAINT "SUCURAL_PK" PRIMARY KEY ("ID_SUCURSAL")
  USING INDEX "TURISMO_REAL"."SUCURAL_PK"  ENABLE;
--------------------------------------------------------
--  Constraints for Table USUARIO
--------------------------------------------------------

  ALTER TABLE "TURISMO_REAL"."USUARIO" MODIFY ("ID_USUARIO" NOT NULL ENABLE);
  ALTER TABLE "TURISMO_REAL"."USUARIO" ADD CONSTRAINT "USUARIO_PK" PRIMARY KEY ("ID_USUARIO")
  USING INDEX "TURISMO_REAL"."USUARIO_PK"  ENABLE;
--------------------------------------------------------
--  Constraints for Table CLIENTE
--------------------------------------------------------

  ALTER TABLE "TURISMO_REAL"."CLIENTE" MODIFY ("ID_CLIENTE" NOT NULL ENABLE);
  ALTER TABLE "TURISMO_REAL"."CLIENTE" MODIFY ("ESTADO" NOT NULL ENABLE);
  ALTER TABLE "TURISMO_REAL"."CLIENTE" MODIFY ("DELETED" NOT NULL ENABLE);
  ALTER TABLE "TURISMO_REAL"."CLIENTE" ADD CONSTRAINT "CLIENTE_PK" PRIMARY KEY ("ID_CLIENTE")
  USING INDEX "TURISMO_REAL"."CLIENTE_PK"  ENABLE;
--------------------------------------------------------
--  Constraints for Table MOVIMIENTO_INVENTARIO
--------------------------------------------------------

  ALTER TABLE "TURISMO_REAL"."MOVIMIENTO_INVENTARIO" MODIFY ("ID_MOVIMIENTO_INVENTARIO" NOT NULL ENABLE);
  ALTER TABLE "TURISMO_REAL"."MOVIMIENTO_INVENTARIO" MODIFY ("TOTAL" NOT NULL ENABLE);
  ALTER TABLE "TURISMO_REAL"."MOVIMIENTO_INVENTARIO" MODIFY ("DETALLE" NOT NULL ENABLE);
  ALTER TABLE "TURISMO_REAL"."MOVIMIENTO_INVENTARIO" MODIFY ("ID_TIPO_MOVIMIENTO" NOT NULL ENABLE);
  ALTER TABLE "TURISMO_REAL"."MOVIMIENTO_INVENTARIO" MODIFY ("ESTADO" NOT NULL ENABLE);
  ALTER TABLE "TURISMO_REAL"."MOVIMIENTO_INVENTARIO" MODIFY ("CANCELADO" NOT NULL ENABLE);
  ALTER TABLE "TURISMO_REAL"."MOVIMIENTO_INVENTARIO" MODIFY ("ID_USUARIO" NOT NULL ENABLE);
  ALTER TABLE "TURISMO_REAL"."MOVIMIENTO_INVENTARIO" ADD CONSTRAINT "MOVIMIENTO_INVENTARIO_PK" PRIMARY KEY ("ID_MOVIMIENTO_INVENTARIO")
  USING INDEX "TURISMO_REAL"."MOVIMIENTO_INVENTARIO_PK"  ENABLE;
--------------------------------------------------------
--  Constraints for Table PASO_RESERVA
--------------------------------------------------------

  ALTER TABLE "TURISMO_REAL"."PASO_RESERVA" MODIFY ("ID_PASO_RESERVA" NOT NULL ENABLE);
  ALTER TABLE "TURISMO_REAL"."PASO_RESERVA" MODIFY ("PASO_RESERVA" NOT NULL ENABLE);
  ALTER TABLE "TURISMO_REAL"."PASO_RESERVA" ADD CONSTRAINT "PASO_RESERVA_PK" PRIMARY KEY ("ID_PASO_RESERVA")
  USING INDEX "TURISMO_REAL"."PASO_RESERVA_PK"  ENABLE;
--------------------------------------------------------
--  Constraints for Table SERVICIO
--------------------------------------------------------

  ALTER TABLE "TURISMO_REAL"."SERVICIO" MODIFY ("ID_SERVICIO" NOT NULL ENABLE);
  ALTER TABLE "TURISMO_REAL"."SERVICIO" MODIFY ("SERVICIO" NOT NULL ENABLE);
  ALTER TABLE "TURISMO_REAL"."SERVICIO" MODIFY ("ESTADO" NOT NULL ENABLE);
  ALTER TABLE "TURISMO_REAL"."SERVICIO" MODIFY ("ID_TIPO_SERVICIO" NOT NULL ENABLE);
  ALTER TABLE "TURISMO_REAL"."SERVICIO" MODIFY ("DELETED" NOT NULL ENABLE);
  ALTER TABLE "TURISMO_REAL"."SERVICIO" ADD CONSTRAINT "SERVICIO_PK" PRIMARY KEY ("ID_SERVICIO")
  USING INDEX "TURISMO_REAL"."SERVICIO_PK"  ENABLE;
  ALTER TABLE "TURISMO_REAL"."SERVICIO" MODIFY ("FLG_LUGAR" NOT NULL ENABLE);
  ALTER TABLE "TURISMO_REAL"."SERVICIO" MODIFY ("FLG_HORARIO" NOT NULL ENABLE);
  ALTER TABLE "TURISMO_REAL"."SERVICIO" MODIFY ("FLG_TRANSPORTISTA" NOT NULL ENABLE);
--------------------------------------------------------
--  Constraints for Table CARGO
--------------------------------------------------------

  ALTER TABLE "TURISMO_REAL"."CARGO" MODIFY ("ID_CARGO" NOT NULL ENABLE);
  ALTER TABLE "TURISMO_REAL"."CARGO" MODIFY ("ESTADO" NOT NULL ENABLE);
  ALTER TABLE "TURISMO_REAL"."CARGO" MODIFY ("DELETED" NOT NULL ENABLE);
  ALTER TABLE "TURISMO_REAL"."CARGO" MODIFY ("CARGO" NOT NULL ENABLE);
  ALTER TABLE "TURISMO_REAL"."CARGO" ADD CONSTRAINT "CARGO_PK" PRIMARY KEY ("ID_CARGO")
  USING INDEX "TURISMO_REAL"."CARGO_PK"  ENABLE;
--------------------------------------------------------
--  Constraints for Table CHECK_OUT
--------------------------------------------------------

  ALTER TABLE "TURISMO_REAL"."CHECK_OUT" MODIFY ("ID_CHECK_OUT" NOT NULL ENABLE);
  ALTER TABLE "TURISMO_REAL"."CHECK_OUT" MODIFY ("ESTADO" NOT NULL ENABLE);
  ALTER TABLE "TURISMO_REAL"."CHECK_OUT" MODIFY ("ID_EMPLEADO" NOT NULL ENABLE);
  ALTER TABLE "TURISMO_REAL"."CHECK_OUT" MODIFY ("FLG_CUMPLE_ESTADO" NOT NULL ENABLE);
  ALTER TABLE "TURISMO_REAL"."CHECK_OUT" MODIFY ("FLG_POSEE_MULTA" NOT NULL ENABLE);
  ALTER TABLE "TURISMO_REAL"."CHECK_OUT" MODIFY ("FLG_PROBLEMA_ADICIONAL" NOT NULL ENABLE);
  ALTER TABLE "TURISMO_REAL"."CHECK_OUT" ADD CONSTRAINT "CHECK_OUT_PK" PRIMARY KEY ("ID_CHECK_OUT")
  USING INDEX "TURISMO_REAL"."CHECK_OUT_PK"  ENABLE;
--------------------------------------------------------
--  Constraints for Table RESTABLECER_USUARIO
--------------------------------------------------------

  ALTER TABLE "TURISMO_REAL"."RESTABLECER_USUARIO" MODIFY ("ID" NOT NULL ENABLE);
  ALTER TABLE "TURISMO_REAL"."RESTABLECER_USUARIO" MODIFY ("EMAIL" NOT NULL ENABLE);
  ALTER TABLE "TURISMO_REAL"."RESTABLECER_USUARIO" MODIFY ("TOKEN" NOT NULL ENABLE);
  ALTER TABLE "TURISMO_REAL"."RESTABLECER_USUARIO" MODIFY ("ESTADO" NOT NULL ENABLE);
  ALTER TABLE "TURISMO_REAL"."RESTABLECER_USUARIO" MODIFY ("ID_USUARIO" NOT NULL ENABLE);
  ALTER TABLE "TURISMO_REAL"."RESTABLECER_USUARIO" ADD CONSTRAINT "RESTABLECER_USUARIO_PK" PRIMARY KEY ("ID")
  USING INDEX "TURISMO_REAL"."RESTABLECER_USUARIO_PK"  ENABLE;
--------------------------------------------------------
--  Constraints for Table EMPLEADO_SUCURSAL
--------------------------------------------------------

  ALTER TABLE "TURISMO_REAL"."EMPLEADO_SUCURSAL" MODIFY ("ID" NOT NULL ENABLE);
  ALTER TABLE "TURISMO_REAL"."EMPLEADO_SUCURSAL" MODIFY ("ID_SUCURSAL" NOT NULL ENABLE);
  ALTER TABLE "TURISMO_REAL"."EMPLEADO_SUCURSAL" MODIFY ("ID_EMPLEADO" NOT NULL ENABLE);
  ALTER TABLE "TURISMO_REAL"."EMPLEADO_SUCURSAL" ADD CONSTRAINT "EMPLEADO_SUCURSAL_PK" PRIMARY KEY ("ID")
  USING INDEX "TURISMO_REAL"."EMPLEADO_SUCURSAL_PK"  ENABLE;
--------------------------------------------------------
--  Constraints for Table CHECK_IN
--------------------------------------------------------

  ALTER TABLE "TURISMO_REAL"."CHECK_IN" MODIFY ("ID_CHECK_IN" NOT NULL ENABLE);
  ALTER TABLE "TURISMO_REAL"."CHECK_IN" MODIFY ("ESTADO" NOT NULL ENABLE);
  ALTER TABLE "TURISMO_REAL"."CHECK_IN" MODIFY ("ID_EMPLEADO" NOT NULL ENABLE);
  ALTER TABLE "TURISMO_REAL"."CHECK_IN" MODIFY ("FLG_PAGO_ESTADIA" NOT NULL ENABLE);
  ALTER TABLE "TURISMO_REAL"."CHECK_IN" ADD CONSTRAINT "CHECK_IN_PK" PRIMARY KEY ("ID_CHECK_IN")
  USING INDEX "TURISMO_REAL"."CHECK_IN_PK"  ENABLE;
--------------------------------------------------------
--  Constraints for Table DEPARTAMENTO_ACCESORIO
--------------------------------------------------------

  ALTER TABLE "TURISMO_REAL"."DEPARTAMENTO_ACCESORIO" MODIFY ("ID" NOT NULL ENABLE);
  ALTER TABLE "TURISMO_REAL"."DEPARTAMENTO_ACCESORIO" MODIFY ("ID_ACCESORIO" NOT NULL ENABLE);
  ALTER TABLE "TURISMO_REAL"."DEPARTAMENTO_ACCESORIO" MODIFY ("ID_DEPARTAMENTO" NOT NULL ENABLE);
  ALTER TABLE "TURISMO_REAL"."DEPARTAMENTO_ACCESORIO" ADD CONSTRAINT "DEPARTAMENTO_ACCESORIO_PK" PRIMARY KEY ("ID")
  USING INDEX "TURISMO_REAL"."DEPARTAMENTO_ACCESORIO_PK"  ENABLE;
--------------------------------------------------------
--  Constraints for Table REGION
--------------------------------------------------------

  ALTER TABLE "TURISMO_REAL"."REGION" MODIFY ("ID_REGION" NOT NULL ENABLE);
  ALTER TABLE "TURISMO_REAL"."REGION" MODIFY ("NOMBRE" NOT NULL ENABLE);
  ALTER TABLE "TURISMO_REAL"."REGION" MODIFY ("NOMBRE_LARGO" NOT NULL ENABLE);
  ALTER TABLE "TURISMO_REAL"."REGION" ADD CONSTRAINT "REGION_PK" PRIMARY KEY ("ID_REGION")
  USING INDEX "TURISMO_REAL"."REGION_PK"  ENABLE;
--------------------------------------------------------
--  Constraints for Table TRANSPORTISTA
--------------------------------------------------------

  ALTER TABLE "TURISMO_REAL"."TRANSPORTISTA" MODIFY ("ID_TRANSPORTISTA" NOT NULL ENABLE);
  ALTER TABLE "TURISMO_REAL"."TRANSPORTISTA" MODIFY ("DNI" NOT NULL ENABLE);
  ALTER TABLE "TURISMO_REAL"."TRANSPORTISTA" MODIFY ("NOMBRE" NOT NULL ENABLE);
  ALTER TABLE "TURISMO_REAL"."TRANSPORTISTA" MODIFY ("ESTADO" NOT NULL ENABLE);
  ALTER TABLE "TURISMO_REAL"."TRANSPORTISTA" MODIFY ("DELETED" NOT NULL ENABLE);
  ALTER TABLE "TURISMO_REAL"."TRANSPORTISTA" ADD CONSTRAINT "TRANSPORTISTA_PK" PRIMARY KEY ("ID_TRANSPORTISTA")
  USING INDEX "TURISMO_REAL"."TRANSPORTISTA_PK"  ENABLE;
--------------------------------------------------------
--  Constraints for Table DEPARTAMENTO
--------------------------------------------------------

  ALTER TABLE "TURISMO_REAL"."DEPARTAMENTO" MODIFY ("ID_DEPARTAMENTO" NOT NULL ENABLE);
  ALTER TABLE "TURISMO_REAL"."DEPARTAMENTO" MODIFY ("ID_ESTADO_DEPARTAMENTO" NOT NULL ENABLE);
  ALTER TABLE "TURISMO_REAL"."DEPARTAMENTO" MODIFY ("DELETED" NOT NULL ENABLE);
  ALTER TABLE "TURISMO_REAL"."DEPARTAMENTO" MODIFY ("FLG_NUEVO" NOT NULL ENABLE);
  ALTER TABLE "TURISMO_REAL"."DEPARTAMENTO" MODIFY ("FLG_DESTACADO" NOT NULL ENABLE);
  ALTER TABLE "TURISMO_REAL"."DEPARTAMENTO" ADD CONSTRAINT "DEPARTAMENTO_PK" PRIMARY KEY ("ID_DEPARTAMENTO")
  USING INDEX "TURISMO_REAL"."DEPARTAMENTO_PK"  ENABLE;
--------------------------------------------------------
--  Constraints for Table EMPLEADO
--------------------------------------------------------

  ALTER TABLE "TURISMO_REAL"."EMPLEADO" MODIFY ("ID_EMPLEADO" NOT NULL ENABLE);
  ALTER TABLE "TURISMO_REAL"."EMPLEADO" MODIFY ("NOMBRE" NOT NULL ENABLE);
  ALTER TABLE "TURISMO_REAL"."EMPLEADO" MODIFY ("ID_USUARIO" NOT NULL ENABLE);
  ALTER TABLE "TURISMO_REAL"."EMPLEADO" MODIFY ("ESTADO" NOT NULL ENABLE);
  ALTER TABLE "TURISMO_REAL"."EMPLEADO" MODIFY ("DELETED" NOT NULL ENABLE);
  ALTER TABLE "TURISMO_REAL"."EMPLEADO" ADD CONSTRAINT "EMPLEADO_PK" PRIMARY KEY ("ID_EMPLEADO")
  USING INDEX "TURISMO_REAL"."EMPLEADO_PK"  ENABLE;
  ALTER TABLE "TURISMO_REAL"."EMPLEADO" MODIFY ("CREATED_AT" NOT NULL ENABLE);
--------------------------------------------------------
--  Constraints for Table SERVICIO_RESERVA
--------------------------------------------------------

  ALTER TABLE "TURISMO_REAL"."SERVICIO_RESERVA" MODIFY ("ID" NOT NULL ENABLE);
  ALTER TABLE "TURISMO_REAL"."SERVICIO_RESERVA" MODIFY ("FLG_NOTIFICA_INICIO" NOT NULL ENABLE);
  ALTER TABLE "TURISMO_REAL"."SERVICIO_RESERVA" MODIFY ("FLG_NOTIFICA_FIN" NOT NULL ENABLE);
  ALTER TABLE "TURISMO_REAL"."SERVICIO_RESERVA" MODIFY ("ID_SERVICIO" NOT NULL ENABLE);
  ALTER TABLE "TURISMO_REAL"."SERVICIO_RESERVA" MODIFY ("ID_RESERVA" NOT NULL ENABLE);
  ALTER TABLE "TURISMO_REAL"."SERVICIO_RESERVA" ADD CONSTRAINT "SERVICIO_RESERVA_PK" PRIMARY KEY ("ID")
  USING INDEX "TURISMO_REAL"."SERVICIO_RESERVA_PK"  ENABLE;
--------------------------------------------------------
--  Constraints for Table MULTA
--------------------------------------------------------

  ALTER TABLE "TURISMO_REAL"."MULTA" MODIFY ("ID_MULTA" NOT NULL ENABLE);
  ALTER TABLE "TURISMO_REAL"."MULTA" MODIFY ("MONTO" NOT NULL ENABLE);
  ALTER TABLE "TURISMO_REAL"."MULTA" MODIFY ("ESTADO" NOT NULL ENABLE);
  ALTER TABLE "TURISMO_REAL"."MULTA" MODIFY ("DELETED" NOT NULL ENABLE);
  ALTER TABLE "TURISMO_REAL"."MULTA" MODIFY ("ID_TIPO_MULTA" NOT NULL ENABLE);
  ALTER TABLE "TURISMO_REAL"."MULTA" ADD CONSTRAINT "MULTA_PK" PRIMARY KEY ("ID_MULTA")
  USING INDEX "TURISMO_REAL"."MULTA_PK"  ENABLE;
--------------------------------------------------------
--  Constraints for Table TIPO_MOVIMIENTO_INVENTARIO
--------------------------------------------------------

  ALTER TABLE "TURISMO_REAL"."TIPO_MOVIMIENTO_INVENTARIO" MODIFY ("ID_TIPO_MOVIMIENTO" NOT NULL ENABLE);
  ALTER TABLE "TURISMO_REAL"."TIPO_MOVIMIENTO_INVENTARIO" MODIFY ("DESCRIPCION" NOT NULL ENABLE);
  ALTER TABLE "TURISMO_REAL"."TIPO_MOVIMIENTO_INVENTARIO" ADD CONSTRAINT "TIPO_MOVIMIENTO_INVENTARIO_PK" PRIMARY KEY ("ID_TIPO_MOVIMIENTO")
  USING INDEX "TURISMO_REAL"."TIPO_MOVIMIENTO_INVENTARIO_PK"  ENABLE;
--------------------------------------------------------
--  Constraints for Table ACCESORIO
--------------------------------------------------------

  ALTER TABLE "TURISMO_REAL"."ACCESORIO" MODIFY ("ID_ACCESORIO" NOT NULL ENABLE);
  ALTER TABLE "TURISMO_REAL"."ACCESORIO" MODIFY ("ACCESORIO" NOT NULL ENABLE);
  ALTER TABLE "TURISMO_REAL"."ACCESORIO" MODIFY ("ESTADO" NOT NULL ENABLE);
  ALTER TABLE "TURISMO_REAL"."ACCESORIO" MODIFY ("DELETED" NOT NULL ENABLE);
  ALTER TABLE "TURISMO_REAL"."ACCESORIO" ADD CONSTRAINT "ACCESORIO_PK" PRIMARY KEY ("ID_ACCESORIO")
  USING INDEX "TURISMO_REAL"."ACCESORIO_PK"  ENABLE;
--------------------------------------------------------
--  Constraints for Table ESTADO_DEPARTAMENTO
--------------------------------------------------------

  ALTER TABLE "TURISMO_REAL"."ESTADO_DEPARTAMENTO" MODIFY ("ID_ESTADO_DEPARTAMENTO" NOT NULL ENABLE);
  ALTER TABLE "TURISMO_REAL"."ESTADO_DEPARTAMENTO" MODIFY ("ESTADO_DEPARTAMENTO" NOT NULL ENABLE);
  ALTER TABLE "TURISMO_REAL"."ESTADO_DEPARTAMENTO" ADD CONSTRAINT "ESTADO_DEPERTAMENTO_PK" PRIMARY KEY ("ID_ESTADO_DEPARTAMENTO")
  USING INDEX "TURISMO_REAL"."ESTADO_DEPERTAMENTO_PK"  ENABLE;
  ALTER TABLE "TURISMO_REAL"."ESTADO_DEPARTAMENTO" MODIFY ("MOSTRAR_WEB" NOT NULL ENABLE);
  ALTER TABLE "TURISMO_REAL"."ESTADO_DEPARTAMENTO" MODIFY ("PERMITE_RESERVAR" NOT NULL ENABLE);
--------------------------------------------------------
--  Constraints for Table RESERVA
--------------------------------------------------------

  ALTER TABLE "TURISMO_REAL"."RESERVA" MODIFY ("ID_RESERVA" NOT NULL ENABLE);
  ALTER TABLE "TURISMO_REAL"."RESERVA" MODIFY ("INICIO_RESERVA" NOT NULL ENABLE);
  ALTER TABLE "TURISMO_REAL"."RESERVA" MODIFY ("FINAL_RESERVA" NOT NULL ENABLE);
  ALTER TABLE "TURISMO_REAL"."RESERVA" MODIFY ("NUMERO_HUESPEDES" NOT NULL ENABLE);
  ALTER TABLE "TURISMO_REAL"."RESERVA" MODIFY ("ID_DEPARTAMENTO" NOT NULL ENABLE);
  ALTER TABLE "TURISMO_REAL"."RESERVA" MODIFY ("ID_ESTADO_RESERVA" NOT NULL ENABLE);
  ALTER TABLE "TURISMO_REAL"."RESERVA" MODIFY ("ID_CLIENTE" NOT NULL ENABLE);
  ALTER TABLE "TURISMO_REAL"."RESERVA" MODIFY ("FLG_CONFIRMACION_RESERVA" NOT NULL ENABLE);
  ALTER TABLE "TURISMO_REAL"."RESERVA" ADD CONSTRAINT "RESERVA_PK" PRIMARY KEY ("ID_RESERVA")
  USING INDEX "TURISMO_REAL"."RESERVA_PK"  ENABLE;
--------------------------------------------------------
--  Constraints for Table ESTADO_RESERVA
--------------------------------------------------------

  ALTER TABLE "TURISMO_REAL"."ESTADO_RESERVA" MODIFY ("ID_ESTADO_RESERVA" NOT NULL ENABLE);
  ALTER TABLE "TURISMO_REAL"."ESTADO_RESERVA" MODIFY ("ESTADO_RESERVA" NOT NULL ENABLE);
  ALTER TABLE "TURISMO_REAL"."ESTADO_RESERVA" ADD CONSTRAINT "ESTADO_RESERVA_PK" PRIMARY KEY ("ID_ESTADO_RESERVA")
  USING INDEX "TURISMO_REAL"."ESTADO_RESERVA_PK"  ENABLE;
--------------------------------------------------------
--  Constraints for Table TIPO_MULTA
--------------------------------------------------------

  ALTER TABLE "TURISMO_REAL"."TIPO_MULTA" MODIFY ("ID_TIPO_MULTA" NOT NULL ENABLE);
  ALTER TABLE "TURISMO_REAL"."TIPO_MULTA" MODIFY ("ESTADO" NOT NULL ENABLE);
  ALTER TABLE "TURISMO_REAL"."TIPO_MULTA" MODIFY ("DELETED" NOT NULL ENABLE);
  ALTER TABLE "TURISMO_REAL"."TIPO_MULTA" ADD CONSTRAINT "TIPO_MULTA_PK" PRIMARY KEY ("ID_TIPO_MULTA")
  USING INDEX "TURISMO_REAL"."TIPO_MULTA_PK"  ENABLE;
--------------------------------------------------------
--  Constraints for Table ROL
--------------------------------------------------------

  ALTER TABLE "TURISMO_REAL"."ROL" MODIFY ("ID_ROL" NOT NULL ENABLE);
  ALTER TABLE "TURISMO_REAL"."ROL" MODIFY ("ESTADO" NOT NULL ENABLE);
  ALTER TABLE "TURISMO_REAL"."ROL" MODIFY ("ROL" NOT NULL ENABLE);
  ALTER TABLE "TURISMO_REAL"."ROL" MODIFY ("DELETED" NOT NULL ENABLE);
  ALTER TABLE "TURISMO_REAL"."ROL" ADD CONSTRAINT "ROL_PK" PRIMARY KEY ("ID_ROL")
  USING INDEX "TURISMO_REAL"."ROL_PK"  ENABLE;
--------------------------------------------------------
--  Ref Constraints for Table CHECK_IN
--------------------------------------------------------

  ALTER TABLE "TURISMO_REAL"."CHECK_IN" ADD CONSTRAINT "CHECK_IN_EMPLEADO_FK" FOREIGN KEY ("ID_EMPLEADO")
	  REFERENCES "TURISMO_REAL"."EMPLEADO" ("ID_EMPLEADO") ENABLE;
--------------------------------------------------------
--  Ref Constraints for Table CHECK_OUT
--------------------------------------------------------

  ALTER TABLE "TURISMO_REAL"."CHECK_OUT" ADD CONSTRAINT "CHECK_OUT_EMPLEADO_FK" FOREIGN KEY ("ID_EMPLEADO")
	  REFERENCES "TURISMO_REAL"."EMPLEADO" ("ID_EMPLEADO") ENABLE;
--------------------------------------------------------
--  Ref Constraints for Table CLIENTE
--------------------------------------------------------

  ALTER TABLE "TURISMO_REAL"."CLIENTE" ADD CONSTRAINT "CLIENTE_COMUNA_FK" FOREIGN KEY ("ID_COMUNA")
	  REFERENCES "TURISMO_REAL"."COMUNA" ("ID_COMUNA") ENABLE;
  ALTER TABLE "TURISMO_REAL"."CLIENTE" ADD CONSTRAINT "CLIENTE_USUARIO_FK" FOREIGN KEY ("ID_USUARIO")
	  REFERENCES "TURISMO_REAL"."USUARIO" ("ID_USUARIO") ENABLE;
--------------------------------------------------------
--  Ref Constraints for Table COMUNA
--------------------------------------------------------

  ALTER TABLE "TURISMO_REAL"."COMUNA" ADD CONSTRAINT "COMUNA_REGION_FK" FOREIGN KEY ("REGION_ID_REGION")
	  REFERENCES "TURISMO_REAL"."REGION" ("ID_REGION") ENABLE;
--------------------------------------------------------
--  Ref Constraints for Table DEPARTAMENTO
--------------------------------------------------------

  ALTER TABLE "TURISMO_REAL"."DEPARTAMENTO" ADD CONSTRAINT "DEPARTAMENTO_EMPLEADO_FK" FOREIGN KEY ("ID_EMPLEADO")
	  REFERENCES "TURISMO_REAL"."EMPLEADO" ("ID_EMPLEADO") ENABLE;
  ALTER TABLE "TURISMO_REAL"."DEPARTAMENTO" ADD CONSTRAINT "DEPARTAMENTO_ESTADO_FK" FOREIGN KEY ("ID_ESTADO_DEPARTAMENTO")
	  REFERENCES "TURISMO_REAL"."ESTADO_DEPARTAMENTO" ("ID_ESTADO_DEPARTAMENTO") ENABLE;
  ALTER TABLE "TURISMO_REAL"."DEPARTAMENTO" ADD CONSTRAINT "DEPARTAMENTO_SUCURAL_FK" FOREIGN KEY ("ID_SUCURSAL")
	  REFERENCES "TURISMO_REAL"."SUCURSAL" ("ID_SUCURSAL") ENABLE;
--------------------------------------------------------
--  Ref Constraints for Table DEPARTAMENTO_ACCESORIO
--------------------------------------------------------

  ALTER TABLE "TURISMO_REAL"."DEPARTAMENTO_ACCESORIO" ADD CONSTRAINT "ACCESORIO_ID_FK" FOREIGN KEY ("ID_ACCESORIO")
	  REFERENCES "TURISMO_REAL"."ACCESORIO" ("ID_ACCESORIO") ENABLE;
  ALTER TABLE "TURISMO_REAL"."DEPARTAMENTO_ACCESORIO" ADD CONSTRAINT "DEPARTAMENTO_ID_FK" FOREIGN KEY ("ID_DEPARTAMENTO")
	  REFERENCES "TURISMO_REAL"."DEPARTAMENTO" ("ID_DEPARTAMENTO") ENABLE;
--------------------------------------------------------
--  Ref Constraints for Table EMPLEADO
--------------------------------------------------------

  ALTER TABLE "TURISMO_REAL"."EMPLEADO" ADD CONSTRAINT "EMPLEADO_CARGO_FK" FOREIGN KEY ("ID_CARGO")
	  REFERENCES "TURISMO_REAL"."CARGO" ("ID_CARGO") ENABLE;
  ALTER TABLE "TURISMO_REAL"."EMPLEADO" ADD CONSTRAINT "EMPLEADO_USUARIO_FK" FOREIGN KEY ("ID_USUARIO")
	  REFERENCES "TURISMO_REAL"."USUARIO" ("ID_USUARIO") ENABLE;
--------------------------------------------------------
--  Ref Constraints for Table EMPLEADO_SUCURSAL
--------------------------------------------------------

  ALTER TABLE "TURISMO_REAL"."EMPLEADO_SUCURSAL" ADD CONSTRAINT "EMPLEADO_FK" FOREIGN KEY ("ID_EMPLEADO")
	  REFERENCES "TURISMO_REAL"."EMPLEADO" ("ID_EMPLEADO") ENABLE;
  ALTER TABLE "TURISMO_REAL"."EMPLEADO_SUCURSAL" ADD CONSTRAINT "SUCURAL_FK" FOREIGN KEY ("ID_SUCURSAL")
	  REFERENCES "TURISMO_REAL"."SUCURSAL" ("ID_SUCURSAL") ENABLE;
--------------------------------------------------------
--  Ref Constraints for Table HUESPED
--------------------------------------------------------

  ALTER TABLE "TURISMO_REAL"."HUESPED" ADD CONSTRAINT "HUESPED_CLIENTE_FK" FOREIGN KEY ("ID_CLIENTE")
	  REFERENCES "TURISMO_REAL"."CLIENTE" ("ID_CLIENTE") ENABLE;
--------------------------------------------------------
--  Ref Constraints for Table HUESPED_RESERVA
--------------------------------------------------------

  ALTER TABLE "TURISMO_REAL"."HUESPED_RESERVA" ADD CONSTRAINT "HUESPED_RESERVA_HUESPED_FK" FOREIGN KEY ("ID_HUESPED")
	  REFERENCES "TURISMO_REAL"."HUESPED" ("ID_HUESPED") ENABLE;
  ALTER TABLE "TURISMO_REAL"."HUESPED_RESERVA" ADD CONSTRAINT "HUESPED_RESERVA_RESERVA_FK" FOREIGN KEY ("ID_RESERVA")
	  REFERENCES "TURISMO_REAL"."RESERVA" ("ID_RESERVA") ENABLE;
--------------------------------------------------------
--  Ref Constraints for Table MOVIMIENTO_CAJA
--------------------------------------------------------

  ALTER TABLE "TURISMO_REAL"."MOVIMIENTO_CAJA" ADD CONSTRAINT "MOVIMIENTO_CAJA_TIPO_FK" FOREIGN KEY ("ID_TIPO_MOVIMIENTO_CAJA")
	  REFERENCES "TURISMO_REAL"."TIPO_MOVIMIENTO_CAJA" ("ID_TIPO_MOVIMIENTO_CAJA") ENABLE;
  ALTER TABLE "TURISMO_REAL"."MOVIMIENTO_CAJA" ADD CONSTRAINT "MOVIMIENTO_CAJA_USUARIO_FK" FOREIGN KEY ("ID_USUARIO")
	  REFERENCES "TURISMO_REAL"."USUARIO" ("ID_USUARIO") ENABLE;
--------------------------------------------------------
--  Ref Constraints for Table MOVIMIENTO_INVENTARIO
--------------------------------------------------------

  ALTER TABLE "TURISMO_REAL"."MOVIMIENTO_INVENTARIO" ADD CONSTRAINT "INVENTARIO_USUARIO_FK" FOREIGN KEY ("ID_USUARIO")
	  REFERENCES "TURISMO_REAL"."USUARIO" ("ID_USUARIO") ENABLE;
  ALTER TABLE "TURISMO_REAL"."MOVIMIENTO_INVENTARIO" ADD CONSTRAINT "MOVIMIENTO_INVENTARIO_TIPO_FK" FOREIGN KEY ("ID_TIPO_MOVIMIENTO")
	  REFERENCES "TURISMO_REAL"."TIPO_MOVIMIENTO_INVENTARIO" ("ID_TIPO_MOVIMIENTO") ENABLE;
--------------------------------------------------------
--  Ref Constraints for Table MULTA
--------------------------------------------------------

  ALTER TABLE "TURISMO_REAL"."MULTA" ADD CONSTRAINT "MULTA_TIPO_MULTA_FK" FOREIGN KEY ("ID_TIPO_MULTA")
	  REFERENCES "TURISMO_REAL"."TIPO_MULTA" ("ID_TIPO_MULTA") ENABLE;
--------------------------------------------------------
--  Ref Constraints for Table RESERVA
--------------------------------------------------------

  ALTER TABLE "TURISMO_REAL"."RESERVA" ADD CONSTRAINT "RESERVA_PASO_RESERVA_FK" FOREIGN KEY ("ID_PASO_RESERVA")
	  REFERENCES "TURISMO_REAL"."PASO_RESERVA" ("ID_PASO_RESERVA") ENABLE;
  ALTER TABLE "TURISMO_REAL"."RESERVA" ADD CONSTRAINT "RESERVA_CHECK_IN_FK" FOREIGN KEY ("ID_CHECK_IN")
	  REFERENCES "TURISMO_REAL"."CHECK_IN" ("ID_CHECK_IN") ENABLE;
  ALTER TABLE "TURISMO_REAL"."RESERVA" ADD CONSTRAINT "RESERVA_CHECK_OUT_FK" FOREIGN KEY ("ID_CHECK_OUT")
	  REFERENCES "TURISMO_REAL"."CHECK_OUT" ("ID_CHECK_OUT") ENABLE;
  ALTER TABLE "TURISMO_REAL"."RESERVA" ADD CONSTRAINT "RESERVA_CLIENTE_FK" FOREIGN KEY ("ID_CLIENTE")
	  REFERENCES "TURISMO_REAL"."CLIENTE" ("ID_CLIENTE") ENABLE;
  ALTER TABLE "TURISMO_REAL"."RESERVA" ADD CONSTRAINT "RESERVA_DEPARTAMENTO_FK" FOREIGN KEY ("ID_DEPARTAMENTO")
	  REFERENCES "TURISMO_REAL"."DEPARTAMENTO" ("ID_DEPARTAMENTO") ENABLE;
  ALTER TABLE "TURISMO_REAL"."RESERVA" ADD CONSTRAINT "RESERVA_ESTADO_RESERVA_FK" FOREIGN KEY ("ID_ESTADO_RESERVA")
	  REFERENCES "TURISMO_REAL"."ESTADO_RESERVA" ("ID_ESTADO_RESERVA") ENABLE;
--------------------------------------------------------
--  Ref Constraints for Table RESTABLECER_USUARIO
--------------------------------------------------------

  ALTER TABLE "TURISMO_REAL"."RESTABLECER_USUARIO" ADD CONSTRAINT "RESTABLECER_USUARIO_USUARIO_FK" FOREIGN KEY ("ID_USUARIO")
	  REFERENCES "TURISMO_REAL"."USUARIO" ("ID_USUARIO") ENABLE;
--------------------------------------------------------
--  Ref Constraints for Table SERVICIO_RESERVA
--------------------------------------------------------

  ALTER TABLE "TURISMO_REAL"."SERVICIO_RESERVA" ADD CONSTRAINT "SERVICIO_RESERVA_RESERVA_FK" FOREIGN KEY ("ID_RESERVA")
	  REFERENCES "TURISMO_REAL"."RESERVA" ("ID_RESERVA") ENABLE;
  ALTER TABLE "TURISMO_REAL"."SERVICIO_RESERVA" ADD CONSTRAINT "SERVICIO_RESERVA_SERVICIO_FK" FOREIGN KEY ("ID_SERVICIO")
	  REFERENCES "TURISMO_REAL"."SERVICIO" ("ID_SERVICIO") ENABLE;
--------------------------------------------------------
--  Ref Constraints for Table SUCURSAL
--------------------------------------------------------

  ALTER TABLE "TURISMO_REAL"."SUCURSAL" ADD CONSTRAINT "SUCURAL_COMUNA_FK" FOREIGN KEY ("COMUNA_ID_COMUNA")
	  REFERENCES "TURISMO_REAL"."COMUNA" ("ID_COMUNA") ENABLE;
--------------------------------------------------------
--  Ref Constraints for Table USUARIO
--------------------------------------------------------

  ALTER TABLE "TURISMO_REAL"."USUARIO" ADD CONSTRAINT "USUARIO_RESERVA_FK" FOREIGN KEY ("ID_RESERVA")
	  REFERENCES "TURISMO_REAL"."RESERVA" ("ID_RESERVA") ENABLE;
  ALTER TABLE "TURISMO_REAL"."USUARIO" ADD CONSTRAINT "USUARIO_PASO_RESERVA_FK" FOREIGN KEY ("ID_PASO_RESERVA")
	  REFERENCES "TURISMO_REAL"."PASO_RESERVA" ("ID_PASO_RESERVA") ENABLE;
  ALTER TABLE "TURISMO_REAL"."USUARIO" ADD CONSTRAINT "USUARIO_ROL_FK" FOREIGN KEY ("ID_ROL")
	  REFERENCES "TURISMO_REAL"."ROL" ("ID_ROL") ENABLE;
